[
    {
        "Squad":"253",
        "Apperance":"202",
        "PPG":"1.36",
        "Goals":"-",
        "Own_goal":"1",
        "Substitutions_on":"-",
        "Substitutions_off":"-",
        "Yellow_card":"3",
        "Second_yellow_card":"-",
        "Red_card":"-",
        "Goals_conceded":"285",
        "Clean_sheets":"50",
        "Minutes_played":"18.210'",
        "player_id":"427568"
    },
    {
        "Squad":"482",
        "Apperance":"213",
        "PPG":"1.38",
        "Goals":"-",
        "Own_goal":"-",
        "Substitutions_on":"2",
        "Substitutions_off":"3",
        "Yellow_card":"8",
        "Second_yellow_card":"-",
        "Red_card":"-",
        "Goals_conceded":"288",
        "Clean_sheets":"52",
        "Minutes_played":"19.146'",
        "player_id":"55247"
    },
    {
        "Squad":"550",
        "Apperance":"316",
        "PPG":"1.43",
        "Goals":"1",
        "Own_goal":"-",
        "Substitutions_on":"3",
        "Substitutions_off":"3",
        "Yellow_card":"6",
        "Second_yellow_card":"-",
        "Red_card":"-",
        "Goals_conceded":"422",
        "Clean_sheets":"89",
        "Minutes_played":"28.498'",
        "player_id":"4233"
    },
    {
        "Squad":"465",
        "Apperance":"207",
        "PPG":"1.32",
        "Goals":"-",
        "Own_goal":"-",
        "Substitutions_on":"7",
        "Substitutions_off":"1",
        "Yellow_card":"4",
        "Second_yellow_card":"-",
        "Red_card":"-",
        "Goals_conceded":"271",
        "Clean_sheets":"61",
        "Minutes_played":"18.405'",
        "player_id":"43858"
    },
    {
        "Squad":"143",
        "Apperance":"59",
        "PPG":"0.81",
        "Goals":"-",
        "Own_goal":"-",
        "Substitutions_on":"1",
        "Substitutions_off":"-",
        "Yellow_card":"4",
        "Second_yellow_card":"-",
        "Red_card":"-",
        "Goals_conceded":"124",
        "Clean_sheets":"12",
        "Minutes_played":"5.264'",
        "player_id":"412596"
    },
    {
        "Squad":"558",
        "Apperance":"269",
        "PPG":"1.49",
        "Goals":"-",
        "Own_goal":"-",
        "Substitutions_on":"6",
        "Substitutions_off":"-",
        "Yellow_card":"23",
        "Second_yellow_card":"-",
        "Red_card":"4",
        "Goals_conceded":"372",
        "Clean_sheets":"80",
        "Minutes_played":"23.969'",
        "player_id":"71271"
    },
    {
        "Squad":"100",
        "Apperance":"40",
        "PPG":"1.35",
        "Goals":"-",
        "Own_goal":"-",
        "Substitutions_on":"1",
        "Substitutions_off":"1",
        "Yellow_card":"2",
        "Second_yellow_card":"-",
        "Red_card":"-",
        "Goals_conceded":"86",
        "Clean_sheets":"3",
        "Minutes_played":"3.537'",
        "player_id":"501156"
    },
    {
        "Squad":"515",
        "Apperance":"308",
        "PPG":"1.29",
        "Goals":"-",
        "Own_goal":"1",
        "Substitutions_on":"3",
        "Substitutions_off":"-",
        "Yellow_card":"8",
        "Second_yellow_card":"-",
        "Red_card":"2",
        "Goals_conceded":"437",
        "Clean_sheets":"83",
        "Minutes_played":"27.497'",
        "player_id":"95976"
    },
    {
        "Squad":"299",
        "Apperance":"205",
        "PPG":"1.42",
        "Goals":"-",
        "Own_goal":"1",
        "Substitutions_on":"2",
        "Substitutions_off":"-",
        "Yellow_card":"7",
        "Second_yellow_card":"-",
        "Red_card":"1",
        "Goals_conceded":"274",
        "Clean_sheets":"64",
        "Minutes_played":"18.386'",
        "player_id":"245625"
    },
    {
        "Squad":"636",
        "Apperance":"483",
        "PPG":"1.36",
        "Goals":"-",
        "Own_goal":"3",
        "Substitutions_on":"4",
        "Substitutions_off":"3",
        "Yellow_card":"16",
        "Second_yellow_card":"-",
        "Red_card":"-",
        "Goals_conceded":"669",
        "Clean_sheets":"114",
        "Minutes_played":"43.104'",
        "player_id":"33754"
    },
    {
        "Squad":"623",
        "Apperance":"318",
        "PPG":"1.40",
        "Goals":"-",
        "Own_goal":"1",
        "Substitutions_on":"7",
        "Substitutions_off":"1",
        "Yellow_card":"12",
        "Second_yellow_card":"-",
        "Red_card":"1",
        "Goals_conceded":"404",
        "Clean_sheets":"89",
        "Minutes_played":"28.347'",
        "player_id":"5278"
    },
    {
        "Squad":"125",
        "Apperance":"81",
        "PPG":"1.06",
        "Goals":"-",
        "Own_goal":"-",
        "Substitutions_on":"2",
        "Substitutions_off":"1",
        "Yellow_card":"4",
        "Second_yellow_card":"-",
        "Red_card":"-",
        "Goals_conceded":"154",
        "Clean_sheets":"10",
        "Minutes_played":"7.047'",
        "player_id":"282823"
    },
    {
        "Squad":"416",
        "Apperance":"353",
        "PPG":"2.05",
        "Goals":"1",
        "Own_goal":"1",
        "Substitutions_on":"-",
        "Substitutions_off":"3",
        "Yellow_card":"9",
        "Second_yellow_card":"-",
        "Red_card":"1",
        "Goals_conceded":"331",
        "Clean_sheets":"153",
        "Minutes_played":"31.697'",
        "player_id":"105470"
    },
    {
        "Squad":"899",
        "Apperance":"704",
        "PPG":"1.82",
        "Goals":"-",
        "Own_goal":"-",
        "Substitutions_on":"1",
        "Substitutions_off":"4",
        "Yellow_card":"30",
        "Second_yellow_card":"-",
        "Red_card":"4",
        "Goals_conceded":"684",
        "Clean_sheets":"278",
        "Minutes_played":"63.217'",
        "player_id":"9422"
    },
    {
        "Squad":"511",
        "Apperance":"306",
        "PPG":"1.84",
        "Goals":"-",
        "Own_goal":"-",
        "Substitutions_on":"6",
        "Substitutions_off":"3",
        "Yellow_card":"6",
        "Second_yellow_card":"-",
        "Red_card":"-",
        "Goals_conceded":"293",
        "Clean_sheets":"126",
        "Minutes_played":"27.334'",
        "player_id":"120629"
    },
    {
        "Squad":"244",
        "Apperance":"135",
        "PPG":"1.30",
        "Goals":"-",
        "Own_goal":"1",
        "Substitutions_on":"1",
        "Substitutions_off":"-",
        "Yellow_card":"6",
        "Second_yellow_card":"-",
        "Red_card":"1",
        "Goals_conceded":"176",
        "Clean_sheets":"34",
        "Minutes_played":"12.104'",
        "player_id":"453704"
    },
    {
        "Squad":"455",
        "Apperance":"203",
        "PPG":"1.52",
        "Goals":"1",
        "Own_goal":"1",
        "Substitutions_on":"2",
        "Substitutions_off":"6",
        "Yellow_card":"5",
        "Second_yellow_card":"-",
        "Red_card":"-",
        "Goals_conceded":"256",
        "Clean_sheets":"59",
        "Minutes_played":"18.045'",
        "player_id":"22491"
    },
    {
        "Squad":"125",
        "Apperance":"78",
        "PPG":"1.49",
        "Goals":"-",
        "Own_goal":"-",
        "Substitutions_on":"-",
        "Substitutions_off":"1",
        "Yellow_card":"-",
        "Second_yellow_card":"-",
        "Red_card":"-",
        "Goals_conceded":"118",
        "Clean_sheets":"25",
        "Minutes_played":"6.955'",
        "player_id":"462820"
    },
    {
        "Squad":"715",
        "Apperance":"410",
        "PPG":"1.28",
        "Goals":"1",
        "Own_goal":"-",
        "Substitutions_on":"4",
        "Substitutions_off":"5",
        "Yellow_card":"7",
        "Second_yellow_card":"-",
        "Red_card":"-",
        "Goals_conceded":"586",
        "Clean_sheets":"92",
        "Minutes_played":"36.658'",
        "player_id":"14044"
    },
    {
        "Squad":"336",
        "Apperance":"198",
        "PPG":"1.33",
        "Goals":"-",
        "Own_goal":"-",
        "Substitutions_on":"1",
        "Substitutions_off":"-",
        "Yellow_card":"7",
        "Second_yellow_card":"-",
        "Red_card":"-",
        "Goals_conceded":"278",
        "Clean_sheets":"51",
        "Minutes_played":"17.864'",
        "player_id":"201574"
    },
    {
        "Squad":"71",
        "Apperance":"54",
        "PPG":"1.04",
        "Goals":"1",
        "Own_goal":"-",
        "Substitutions_on":"2",
        "Substitutions_off":"-",
        "Yellow_card":"5",
        "Second_yellow_card":"-",
        "Red_card":"-",
        "Goals_conceded":"107",
        "Clean_sheets":"8",
        "Minutes_played":"4.753'",
        "player_id":"447063"
    },
    {
        "Squad":"287",
        "Apperance":"158",
        "PPG":"1.77",
        "Goals":"-",
        "Own_goal":"-",
        "Substitutions_on":"-",
        "Substitutions_off":"4",
        "Yellow_card":"16",
        "Second_yellow_card":"-",
        "Red_card":"1",
        "Goals_conceded":"180",
        "Clean_sheets":"54",
        "Minutes_played":"14.217'",
        "player_id":"371021"
    },
    {
        "Squad":"130",
        "Apperance":"75",
        "PPG":"1.75",
        "Goals":"-",
        "Own_goal":"-",
        "Substitutions_on":"1",
        "Substitutions_off":"-",
        "Yellow_card":"1",
        "Second_yellow_card":"-",
        "Red_card":"-",
        "Goals_conceded":"90",
        "Clean_sheets":"26",
        "Minutes_played":"6.744'",
        "player_id":"503769"
    },
    {
        "Squad":"710",
        "Apperance":"569",
        "PPG":"1.79",
        "Goals":"1",
        "Own_goal":"1",
        "Substitutions_on":"2",
        "Substitutions_off":"6",
        "Yellow_card":"36",
        "Second_yellow_card":"-",
        "Red_card":"1",
        "Goals_conceded":"597",
        "Clean_sheets":"207",
        "Minutes_played":"50.992'",
        "player_id":"15220"
    },
    {
        "Squad":"668",
        "Apperance":"406",
        "PPG":"1.37",
        "Goals":"1",
        "Own_goal":"-",
        "Substitutions_on":"7",
        "Substitutions_off":"-",
        "Yellow_card":"22",
        "Second_yellow_card":"-",
        "Red_card":"-",
        "Goals_conceded":"516",
        "Clean_sheets":"115",
        "Minutes_played":"36.242'",
        "player_id":"33873"
    },
    {
        "Squad":"132",
        "Apperance":"55",
        "PPG":"1.47",
        "Goals":"-",
        "Own_goal":"-",
        "Substitutions_on":"2",
        "Substitutions_off":"1",
        "Yellow_card":"3",
        "Second_yellow_card":"-",
        "Red_card":"-",
        "Goals_conceded":"85",
        "Clean_sheets":"11",
        "Minutes_played":"4.797'",
        "player_id":"288948"
    },
    {
        "Squad":"259",
        "Apperance":"112",
        "PPG":"1.66",
        "Goals":"-",
        "Own_goal":"-",
        "Substitutions_on":"3",
        "Substitutions_off":"-",
        "Yellow_card":"3",
        "Second_yellow_card":"-",
        "Red_card":"-",
        "Goals_conceded":"137",
        "Clean_sheets":"38",
        "Minutes_played":"9.913'",
        "player_id":"410436"
    },
    {
        "Squad":"621",
        "Apperance":"532",
        "PPG":"1.27",
        "Goals":"-",
        "Own_goal":"-",
        "Substitutions_on":"1",
        "Substitutions_off":"6",
        "Yellow_card":"17",
        "Second_yellow_card":"-",
        "Red_card":"1",
        "Goals_conceded":"725",
        "Clean_sheets":"143",
        "Minutes_played":"47.779'",
        "player_id":"13572"
    },
    {
        "Squad":"629",
        "Apperance":"340",
        "PPG":"1.51",
        "Goals":"-",
        "Own_goal":"-",
        "Substitutions_on":"3",
        "Substitutions_off":"6",
        "Yellow_card":"17",
        "Second_yellow_card":"-",
        "Red_card":"2",
        "Goals_conceded":"417",
        "Clean_sheets":"106",
        "Minutes_played":"30.148'",
        "player_id":"67283"
    },
    {
        "Squad":"91",
        "Apperance":"44",
        "PPG":"1.07",
        "Goals":"-",
        "Own_goal":"1",
        "Substitutions_on":"-",
        "Substitutions_off":"1",
        "Yellow_card":"2",
        "Second_yellow_card":"-",
        "Red_card":"-",
        "Goals_conceded":"106",
        "Clean_sheets":"3",
        "Minutes_played":"3.915'",
        "player_id":"505046"
    },
    {
        "Squad":"337",
        "Apperance":"234",
        "PPG":"1.56",
        "Goals":"-",
        "Own_goal":"-",
        "Substitutions_on":"1",
        "Substitutions_off":"1",
        "Yellow_card":"8",
        "Second_yellow_card":"-",
        "Red_card":"-",
        "Goals_conceded":"288",
        "Clean_sheets":"77",
        "Minutes_played":"21.168'",
        "player_id":"111426"
    },
    {
        "Squad":"630",
        "Apperance":"560",
        "PPG":"1.66",
        "Goals":"-",
        "Own_goal":"2",
        "Substitutions_on":"1",
        "Substitutions_off":"2",
        "Yellow_card":"20",
        "Second_yellow_card":"-",
        "Red_card":"1",
        "Goals_conceded":"674",
        "Clean_sheets":"174",
        "Minutes_played":"50.542'",
        "player_id":"72476"
    },
    {
        "Squad":"691",
        "Apperance":"407",
        "PPG":"1.30",
        "Goals":"-",
        "Own_goal":"2",
        "Substitutions_on":"1",
        "Substitutions_off":"5",
        "Yellow_card":"21",
        "Second_yellow_card":"-",
        "Red_card":"2",
        "Goals_conceded":"564",
        "Clean_sheets":"103",
        "Minutes_played":"36.583'",
        "player_id":"3838"
    },
    {
        "Squad":"681",
        "Apperance":"462",
        "PPG":"1.35",
        "Goals":"-",
        "Own_goal":"2",
        "Substitutions_on":"3",
        "Substitutions_off":"1",
        "Yellow_card":"19",
        "Second_yellow_card":"-",
        "Red_card":"2",
        "Goals_conceded":"626",
        "Clean_sheets":"135",
        "Minutes_played":"41.367'",
        "player_id":"39471"
    },
    {
        "Squad":"67",
        "Apperance":"23",
        "PPG":"1.26",
        "Goals":"-",
        "Own_goal":"-",
        "Substitutions_on":"-",
        "Substitutions_off":"-",
        "Yellow_card":"-",
        "Second_yellow_card":"-",
        "Red_card":"-",
        "Goals_conceded":"35",
        "Clean_sheets":"6",
        "Minutes_played":"2.070'",
        "player_id":"210662"
    },
    {
        "Squad":"177",
        "Apperance":"98",
        "PPG":"1.46",
        "Goals":"-",
        "Own_goal":"-",
        "Substitutions_on":"-",
        "Substitutions_off":"1",
        "Yellow_card":"5",
        "Second_yellow_card":"-",
        "Red_card":"-",
        "Goals_conceded":"170",
        "Clean_sheets":"15",
        "Minutes_played":"8.870'",
        "player_id":"428016"
    },
    {
        "Squad":"611",
        "Apperance":"272",
        "PPG":"1.82",
        "Goals":"-",
        "Own_goal":"1",
        "Substitutions_on":"3",
        "Substitutions_off":"4",
        "Yellow_card":"12",
        "Second_yellow_card":"-",
        "Red_card":"3",
        "Goals_conceded":"238",
        "Clean_sheets":"120",
        "Minutes_played":"24.238'",
        "player_id":"4190"
    },
    {
        "Squad":"212",
        "Apperance":"72",
        "PPG":"1.76",
        "Goals":"-",
        "Own_goal":"1",
        "Substitutions_on":"-",
        "Substitutions_off":"-",
        "Yellow_card":"2",
        "Second_yellow_card":"-",
        "Red_card":"-",
        "Goals_conceded":"104",
        "Clean_sheets":"22",
        "Minutes_played":"6.510'",
        "player_id":"340918"
    },
    {
        "Squad":"81",
        "Apperance":"40",
        "PPG":"0.95",
        "Goals":"-",
        "Own_goal":"1",
        "Substitutions_on":"1",
        "Substitutions_off":"1",
        "Yellow_card":"-",
        "Second_yellow_card":"-",
        "Red_card":"-",
        "Goals_conceded":"91",
        "Clean_sheets":"6",
        "Minutes_played":"3.505'",
        "player_id":"627198"
    },
    {
        "Squad":"362",
        "Apperance":"284",
        "PPG":"1.58",
        "Goals":"-",
        "Own_goal":"-",
        "Substitutions_on":"-",
        "Substitutions_off":"1",
        "Yellow_card":"14",
        "Second_yellow_card":"-",
        "Red_card":"-",
        "Goals_conceded":"307",
        "Clean_sheets":"103",
        "Minutes_played":"25.553'",
        "player_id":"208379"
    },
    {
        "Squad":"112",
        "Apperance":"59",
        "PPG":"1.92",
        "Goals":"-",
        "Own_goal":"1",
        "Substitutions_on":"1",
        "Substitutions_off":"1",
        "Yellow_card":"2",
        "Second_yellow_card":"-",
        "Red_card":"-",
        "Goals_conceded":"83",
        "Clean_sheets":"18",
        "Minutes_played":"5.197'",
        "player_id":"621997"
    },
    {
        "Squad":"624",
        "Apperance":"445",
        "PPG":"1.73",
        "Goals":"1",
        "Own_goal":"-",
        "Substitutions_on":"3",
        "Substitutions_off":"5",
        "Yellow_card":"25",
        "Second_yellow_card":"1",
        "Red_card":"3",
        "Goals_conceded":"498",
        "Clean_sheets":"162",
        "Minutes_played":"39.912'",
        "player_id":"40423"
    },
    {
        "Squad":"481",
        "Apperance":"259",
        "PPG":"1.25",
        "Goals":"-",
        "Own_goal":"1",
        "Substitutions_on":"2",
        "Substitutions_off":"2",
        "Yellow_card":"12",
        "Second_yellow_card":"1",
        "Red_card":"1",
        "Goals_conceded":"365",
        "Clean_sheets":"68",
        "Minutes_played":"23.150'",
        "player_id":"163531"
    },
    {
        "Squad":"527",
        "Apperance":"287",
        "PPG":"1.53",
        "Goals":"-",
        "Own_goal":"1",
        "Substitutions_on":"5",
        "Substitutions_off":"3",
        "Yellow_card":"25",
        "Second_yellow_card":"-",
        "Red_card":"1",
        "Goals_conceded":"329",
        "Clean_sheets":"108",
        "Minutes_played":"25.590'",
        "player_id":"47659"
    },
    {
        "Squad":"124",
        "Apperance":"75",
        "PPG":"1.16",
        "Goals":"-",
        "Own_goal":"1",
        "Substitutions_on":"-",
        "Substitutions_off":"-",
        "Yellow_card":"2",
        "Second_yellow_card":"-",
        "Red_card":"-",
        "Goals_conceded":"136",
        "Clean_sheets":"10",
        "Minutes_played":"6.810'",
        "player_id":"532824"
    },
    {
        "Squad":"285",
        "Apperance":"186",
        "PPG":"1.34",
        "Goals":"-",
        "Own_goal":"-",
        "Substitutions_on":"1",
        "Substitutions_off":"1",
        "Yellow_card":"10",
        "Second_yellow_card":"1",
        "Red_card":"1",
        "Goals_conceded":"254",
        "Clean_sheets":"60",
        "Minutes_played":"16.568'",
        "player_id":"120186"
    },
    {
        "Squad":"108",
        "Apperance":"44",
        "PPG":"0.93",
        "Goals":"-",
        "Own_goal":"-",
        "Substitutions_on":"1",
        "Substitutions_off":"-",
        "Yellow_card":"2",
        "Second_yellow_card":"-",
        "Red_card":"-",
        "Goals_conceded":"90",
        "Clean_sheets":"6",
        "Minutes_played":"3.914'",
        "player_id":"504042"
    },
    {
        "Squad":"175",
        "Apperance":"112",
        "PPG":"1.48",
        "Goals":"-",
        "Own_goal":"-",
        "Substitutions_on":"-",
        "Substitutions_off":"2",
        "Yellow_card":"8",
        "Second_yellow_card":"-",
        "Red_card":"-",
        "Goals_conceded":"154",
        "Clean_sheets":"28",
        "Minutes_played":"10.025'",
        "player_id":"339253"
    },
    {
        "Squad":"434",
        "Apperance":"172",
        "PPG":"1.69",
        "Goals":"-",
        "Own_goal":"-",
        "Substitutions_on":"-",
        "Substitutions_off":"1",
        "Yellow_card":"4",
        "Second_yellow_card":"-",
        "Red_card":"1",
        "Goals_conceded":"223",
        "Clean_sheets":"47",
        "Minutes_played":"15.425'",
        "player_id":"203026"
    },
    {
        "Squad":"680",
        "Apperance":"445",
        "PPG":"1.40",
        "Goals":"-",
        "Own_goal":"2",
        "Substitutions_on":"2",
        "Substitutions_off":"2",
        "Yellow_card":"12",
        "Second_yellow_card":"-",
        "Red_card":"1",
        "Goals_conceded":"557",
        "Clean_sheets":"130",
        "Minutes_played":"40.066'",
        "player_id":"51321"
    },
    {
        "Squad":"625",
        "Apperance":"353",
        "PPG":"1.41",
        "Goals":"-",
        "Own_goal":"-",
        "Substitutions_on":"2",
        "Substitutions_off":"2",
        "Yellow_card":"19",
        "Second_yellow_card":"-",
        "Red_card":"1",
        "Goals_conceded":"462",
        "Clean_sheets":"90",
        "Minutes_played":"31.589'",
        "player_id":"61814"
    },
    {
        "Squad":"750",
        "Apperance":"661",
        "PPG":"1.76",
        "Goals":"-",
        "Own_goal":"1",
        "Substitutions_on":"1",
        "Substitutions_off":"3",
        "Yellow_card":"11",
        "Second_yellow_card":"-",
        "Red_card":"-",
        "Goals_conceded":"736",
        "Clean_sheets":"223",
        "Minutes_played":"59.565'",
        "player_id":"59377"
    },
    {
        "Squad":"846",
        "Apperance":"620",
        "PPG":"1.39",
        "Goals":"-",
        "Own_goal":"2",
        "Substitutions_on":"3",
        "Substitutions_off":"6",
        "Yellow_card":"17",
        "Second_yellow_card":"-",
        "Red_card":"2",
        "Goals_conceded":"833",
        "Clean_sheets":"173",
        "Minutes_played":"55.414'",
        "player_id":"9500"
    },
    {
        "Squad":"580",
        "Apperance":"413",
        "PPG":"1.52",
        "Goals":"-",
        "Own_goal":"-",
        "Substitutions_on":"2",
        "Substitutions_off":"13",
        "Yellow_card":"12",
        "Second_yellow_card":"-",
        "Red_card":"-",
        "Goals_conceded":"487",
        "Clean_sheets":"141",
        "Minutes_played":"36.796'",
        "player_id":"15930"
    },
    {
        "Squad":"621",
        "Apperance":"398",
        "PPG":"1.60",
        "Goals":"-",
        "Own_goal":"2",
        "Substitutions_on":"4",
        "Substitutions_off":"7",
        "Yellow_card":"18",
        "Second_yellow_card":"-",
        "Red_card":"5",
        "Goals_conceded":"424",
        "Clean_sheets":"145",
        "Minutes_played":"35.136'",
        "player_id":"73396"
    },
    {
        "Squad":"428",
        "Apperance":"323",
        "PPG":"1.60",
        "Goals":"-",
        "Own_goal":"5",
        "Substitutions_on":"-",
        "Substitutions_off":"-",
        "Yellow_card":"5",
        "Second_yellow_card":"-",
        "Red_card":"-",
        "Goals_conceded":"371",
        "Clean_sheets":"99",
        "Minutes_played":"29.160'",
        "player_id":"262749"
    },
    {
        "Squad":"310",
        "Apperance":"201",
        "PPG":"1.72",
        "Goals":"-",
        "Own_goal":"1",
        "Substitutions_on":"2",
        "Substitutions_off":"2",
        "Yellow_card":"8",
        "Second_yellow_card":"-",
        "Red_card":"-",
        "Goals_conceded":"198",
        "Clean_sheets":"80",
        "Minutes_played":"18.104'",
        "player_id":"258919"
    },
    {
        "Squad":"524",
        "Apperance":"290",
        "PPG":"1.49",
        "Goals":"-",
        "Own_goal":"1",
        "Substitutions_on":"5",
        "Substitutions_off":"1",
        "Yellow_card":"15",
        "Second_yellow_card":"-",
        "Red_card":"-",
        "Goals_conceded":"350",
        "Clean_sheets":"76",
        "Minutes_played":"25.793'",
        "player_id":"74088"
    },
    {
        "Squad":"142",
        "Apperance":"91",
        "PPG":"1.45",
        "Goals":"-",
        "Own_goal":"1",
        "Substitutions_on":"-",
        "Substitutions_off":"4",
        "Yellow_card":"5",
        "Second_yellow_card":"-",
        "Red_card":"2",
        "Goals_conceded":"131",
        "Clean_sheets":"26",
        "Minutes_played":"7.950'",
        "player_id":"205757"
    },
    {
        "Squad":"530",
        "Apperance":"318",
        "PPG":"1.49",
        "Goals":"-",
        "Own_goal":"1",
        "Substitutions_on":"1",
        "Substitutions_off":"1",
        "Yellow_card":"16",
        "Second_yellow_card":"-",
        "Red_card":"-",
        "Goals_conceded":"380",
        "Clean_sheets":"90",
        "Minutes_played":"28.539'",
        "player_id":"53231"
    },
    {
        "Squad":"678",
        "Apperance":"392",
        "PPG":"1.57",
        "Goals":"-",
        "Own_goal":"2",
        "Substitutions_on":"3",
        "Substitutions_off":"8",
        "Yellow_card":"5",
        "Second_yellow_card":"-",
        "Red_card":"1",
        "Goals_conceded":"425",
        "Clean_sheets":"139",
        "Minutes_played":"35.088'",
        "player_id":"50552"
    },
    {
        "Squad":"103",
        "Apperance":"10",
        "PPG":"0.80",
        "Goals":"-",
        "Own_goal":"-",
        "Substitutions_on":"1",
        "Substitutions_off":"1",
        "Yellow_card":"-",
        "Second_yellow_card":"-",
        "Red_card":"-",
        "Goals_conceded":"26",
        "Clean_sheets":"1",
        "Minutes_played":"795'",
        "player_id":"345899"
    },
    {
        "Squad":"643",
        "Apperance":"584",
        "PPG":"1.52",
        "Goals":"-",
        "Own_goal":"4",
        "Substitutions_on":"2",
        "Substitutions_off":"4",
        "Yellow_card":"41",
        "Second_yellow_card":"-",
        "Red_card":"3",
        "Goals_conceded":"545",
        "Clean_sheets":"195",
        "Minutes_played":"52.454'",
        "player_id":"31886"
    },
    {
        "Squad":"560",
        "Apperance":"413",
        "PPG":"2.21",
        "Goals":"-",
        "Own_goal":"-",
        "Substitutions_on":"4",
        "Substitutions_off":"4",
        "Yellow_card":"37",
        "Second_yellow_card":"-",
        "Red_card":"3",
        "Goals_conceded":"341",
        "Clean_sheets":"192",
        "Minutes_played":"36.824'",
        "player_id":"238223"
    },
    {
        "Squad":"329",
        "Apperance":"234",
        "PPG":"1.81",
        "Goals":"-",
        "Own_goal":"-",
        "Substitutions_on":"3",
        "Substitutions_off":"4",
        "Yellow_card":"12",
        "Second_yellow_card":"-",
        "Red_card":"1",
        "Goals_conceded":"217",
        "Clean_sheets":"101",
        "Minutes_played":"21.038'",
        "player_id":"442531"
    },
    {
        "Squad":"530",
        "Apperance":"392",
        "PPG":"1.74",
        "Goals":"-",
        "Own_goal":"1",
        "Substitutions_on":"-",
        "Substitutions_off":"1",
        "Yellow_card":"8",
        "Second_yellow_card":"-",
        "Red_card":"3",
        "Goals_conceded":"396",
        "Clean_sheets":"145",
        "Minutes_played":"35.280'",
        "player_id":"34159"
    },
    {
        "Squad":"502",
        "Apperance":"276",
        "PPG":"1.56",
        "Goals":"1",
        "Own_goal":"1",
        "Substitutions_on":"3",
        "Substitutions_off":"2",
        "Yellow_card":"16",
        "Second_yellow_card":"-",
        "Red_card":"3",
        "Goals_conceded":"336",
        "Clean_sheets":"95",
        "Minutes_played":"24.841'",
        "player_id":"2857"
    },
    {
        "Squad":"210",
        "Apperance":"162",
        "PPG":"1.53",
        "Goals":"-",
        "Own_goal":"-",
        "Substitutions_on":"-",
        "Substitutions_off":"-",
        "Yellow_card":"10",
        "Second_yellow_card":"-",
        "Red_card":"-",
        "Goals_conceded":"206",
        "Clean_sheets":"47",
        "Minutes_played":"14.610'",
        "player_id":"421873"
    },
    {
        "Squad":"126",
        "Apperance":"71",
        "PPG":"1.08",
        "Goals":"-",
        "Own_goal":"-",
        "Substitutions_on":"1",
        "Substitutions_off":"1",
        "Yellow_card":"4",
        "Second_yellow_card":"-",
        "Red_card":"1",
        "Goals_conceded":"102",
        "Clean_sheets":"20",
        "Minutes_played":"6.254'",
        "player_id":"456292"
    },
    {
        "Squad":"426",
        "Apperance":"249",
        "PPG":"1.53",
        "Goals":"-",
        "Own_goal":"1",
        "Substitutions_on":"2",
        "Substitutions_off":"3",
        "Yellow_card":"18",
        "Second_yellow_card":"-",
        "Red_card":"1",
        "Goals_conceded":"298",
        "Clean_sheets":"82",
        "Minutes_played":"22.143'",
        "player_id":"111873"
    },
    {
        "Squad":"510",
        "Apperance":"363",
        "PPG":"1.56",
        "Goals":"-",
        "Own_goal":"-",
        "Substitutions_on":"5",
        "Substitutions_off":"2",
        "Yellow_card":"20",
        "Second_yellow_card":"-",
        "Red_card":"2",
        "Goals_conceded":"478",
        "Clean_sheets":"100",
        "Minutes_played":"32.280'",
        "player_id":"56631"
    },
    {
        "Squad":"446",
        "Apperance":"231",
        "PPG":"1.60",
        "Goals":"-",
        "Own_goal":"1",
        "Substitutions_on":"1",
        "Substitutions_off":"2",
        "Yellow_card":"17",
        "Second_yellow_card":"-",
        "Red_card":"-",
        "Goals_conceded":"260",
        "Clean_sheets":"75",
        "Minutes_played":"20.703'",
        "player_id":"45882"
    },
    {
        "Squad":"122",
        "Apperance":"81",
        "PPG":"1.80",
        "Goals":"-",
        "Own_goal":"-",
        "Substitutions_on":"1",
        "Substitutions_off":"-",
        "Yellow_card":"5",
        "Second_yellow_card":"-",
        "Red_card":"2",
        "Goals_conceded":"128",
        "Clean_sheets":"20",
        "Minutes_played":"7.117'",
        "player_id":"610863"
    },
    {
        "Squad":"612",
        "Apperance":"473",
        "PPG":"1.93",
        "Goals":"-",
        "Own_goal":"1",
        "Substitutions_on":"1",
        "Substitutions_off":"4",
        "Yellow_card":"20",
        "Second_yellow_card":"-",
        "Red_card":"3",
        "Goals_conceded":"451",
        "Clean_sheets":"205",
        "Minutes_played":"42.342'",
        "player_id":"52570"
    },
    {
        "Squad":"340",
        "Apperance":"238",
        "PPG":"1.37",
        "Goals":"-",
        "Own_goal":"1",
        "Substitutions_on":"-",
        "Substitutions_off":"1",
        "Yellow_card":"10",
        "Second_yellow_card":"-",
        "Red_card":"-",
        "Goals_conceded":"312",
        "Clean_sheets":"72",
        "Minutes_played":"21.540'",
        "player_id":"226049"
    },
    {
        "Squad":"637",
        "Apperance":"318",
        "PPG":"1.31",
        "Goals":"-",
        "Own_goal":"-",
        "Substitutions_on":"3",
        "Substitutions_off":"3",
        "Yellow_card":"15",
        "Second_yellow_card":"-",
        "Red_card":"-",
        "Goals_conceded":"443",
        "Clean_sheets":"88",
        "Minutes_played":"28.480'",
        "player_id":"488"
    },
    {
        "Squad":"461",
        "Apperance":"314",
        "PPG":"1.60",
        "Goals":"-",
        "Own_goal":"-",
        "Substitutions_on":"4",
        "Substitutions_off":"5",
        "Yellow_card":"37",
        "Second_yellow_card":"-",
        "Red_card":"3",
        "Goals_conceded":"231",
        "Clean_sheets":"125",
        "Minutes_played":"27.839'",
        "player_id":"69001"
    },
    {
        "Squad":"267",
        "Apperance":"94",
        "PPG":"1.32",
        "Goals":"-",
        "Own_goal":"-",
        "Substitutions_on":"2",
        "Substitutions_off":"-",
        "Yellow_card":"5",
        "Second_yellow_card":"-",
        "Red_card":"1",
        "Goals_conceded":"149",
        "Clean_sheets":"18",
        "Minutes_played":"8.363'",
        "player_id":"285583"
    },
    {
        "Squad":"190",
        "Apperance":"136",
        "PPG":"1.44",
        "Goals":"-",
        "Own_goal":"1",
        "Substitutions_on":"1",
        "Substitutions_off":"-",
        "Yellow_card":"2",
        "Second_yellow_card":"-",
        "Red_card":"1",
        "Goals_conceded":"186",
        "Clean_sheets":"39",
        "Minutes_played":"12.177'",
        "player_id":"341043"
    },
    {
        "Squad":"144",
        "Apperance":"122",
        "PPG":"1.65",
        "Goals":"-",
        "Own_goal":"-",
        "Substitutions_on":"1",
        "Substitutions_off":"-",
        "Yellow_card":"6",
        "Second_yellow_card":"-",
        "Red_card":"1",
        "Goals_conceded":"156",
        "Clean_sheets":"37",
        "Minutes_played":"10.946'",
        "player_id":"574448"
    },
    {
        "Squad":"90",
        "Apperance":"60",
        "PPG":"2.05",
        "Goals":"-",
        "Own_goal":"-",
        "Substitutions_on":"1",
        "Substitutions_off":"-",
        "Yellow_card":"4",
        "Second_yellow_card":"-",
        "Red_card":"-",
        "Goals_conceded":"79",
        "Clean_sheets":"18",
        "Minutes_played":"5.361'",
        "player_id":"706815"
    },
    {
        "Squad":"613",
        "Apperance":"495",
        "PPG":"1.76",
        "Goals":"-",
        "Own_goal":"1",
        "Substitutions_on":"1",
        "Substitutions_off":"14",
        "Yellow_card":"19",
        "Second_yellow_card":"-",
        "Red_card":"1",
        "Goals_conceded":"527",
        "Clean_sheets":"188",
        "Minutes_played":"44.186'",
        "player_id":"19059"
    },
    {
        "Squad":"807",
        "Apperance":"728",
        "PPG":"1.76",
        "Goals":"-",
        "Own_goal":"3",
        "Substitutions_on":"-",
        "Substitutions_off":"6",
        "Yellow_card":"9",
        "Second_yellow_card":"-",
        "Red_card":"3",
        "Goals_conceded":"795",
        "Clean_sheets":"248",
        "Minutes_played":"65.489'",
        "player_id":"17965"
    },
    {
        "Squad":"223",
        "Apperance":"173",
        "PPG":"1.35",
        "Goals":"-",
        "Own_goal":"1",
        "Substitutions_on":"-",
        "Substitutions_off":"1",
        "Yellow_card":"9",
        "Second_yellow_card":"-",
        "Red_card":"-",
        "Goals_conceded":"259",
        "Clean_sheets":"49",
        "Minutes_played":"15.535'",
        "player_id":"542586"
    },
    {
        "Squad":"441",
        "Apperance":"293",
        "PPG":"1.29",
        "Goals":"-",
        "Own_goal":"1",
        "Substitutions_on":"2",
        "Substitutions_off":"-",
        "Yellow_card":"4",
        "Second_yellow_card":"-",
        "Red_card":"-",
        "Goals_conceded":"404",
        "Clean_sheets":"83",
        "Minutes_played":"26.338'",
        "player_id":"128899"
    },
    {
        "Squad":"345",
        "Apperance":"168",
        "PPG":"1.32",
        "Goals":"-",
        "Own_goal":"-",
        "Substitutions_on":"2",
        "Substitutions_off":"5",
        "Yellow_card":"4",
        "Second_yellow_card":"-",
        "Red_card":"1",
        "Goals_conceded":"228",
        "Clean_sheets":"39",
        "Minutes_played":"14.871'",
        "player_id":"186923"
    },
    {
        "Squad":"150",
        "Apperance":"50",
        "PPG":"1.34",
        "Goals":"-",
        "Own_goal":"-",
        "Substitutions_on":"1",
        "Substitutions_off":"2",
        "Yellow_card":"3",
        "Second_yellow_card":"-",
        "Red_card":"1",
        "Goals_conceded":"76",
        "Clean_sheets":"14",
        "Minutes_played":"4.352'",
        "player_id":"346175"
    },
    {
        "Squad":"127",
        "Apperance":"44",
        "PPG":"1.14",
        "Goals":"-",
        "Own_goal":"-",
        "Substitutions_on":"3",
        "Substitutions_off":"2",
        "Yellow_card":"-",
        "Second_yellow_card":"-",
        "Red_card":"-",
        "Goals_conceded":"67",
        "Clean_sheets":"12",
        "Minutes_played":"3.711'",
        "player_id":"526873"
    },
    {
        "Squad":"255",
        "Apperance":"173",
        "PPG":"1.27",
        "Goals":"-",
        "Own_goal":"-",
        "Substitutions_on":"-",
        "Substitutions_off":"3",
        "Yellow_card":"8",
        "Second_yellow_card":"-",
        "Red_card":"-",
        "Goals_conceded":"254",
        "Clean_sheets":"51",
        "Minutes_played":"15.510'",
        "player_id":"121388"
    },
    {
        "Squad":"312",
        "Apperance":"138",
        "PPG":"1.48",
        "Goals":"-",
        "Own_goal":"-",
        "Substitutions_on":"2",
        "Substitutions_off":"2",
        "Yellow_card":"6",
        "Second_yellow_card":"-",
        "Red_card":"-",
        "Goals_conceded":"206",
        "Clean_sheets":"28",
        "Minutes_played":"12.458'",
        "player_id":"138335"
    },
    {
        "Squad":"108",
        "Apperance":"79",
        "PPG":"1.54",
        "Goals":"-",
        "Own_goal":"1",
        "Substitutions_on":"1",
        "Substitutions_off":"-",
        "Yellow_card":"2",
        "Second_yellow_card":"-",
        "Red_card":"-",
        "Goals_conceded":"123",
        "Clean_sheets":"23",
        "Minutes_played":"7.125'",
        "player_id":"540630"
    },
    {
        "Squad":"150",
        "Apperance":"92",
        "PPG":"1.16",
        "Goals":"-",
        "Own_goal":"-",
        "Substitutions_on":"1",
        "Substitutions_off":"1",
        "Yellow_card":"2",
        "Second_yellow_card":"-",
        "Red_card":"-",
        "Goals_conceded":"154",
        "Clean_sheets":"10",
        "Minutes_played":"8.191'",
        "player_id":"486144"
    },
    {
        "Squad":"345",
        "Apperance":"236",
        "PPG":"1.42",
        "Goals":"-",
        "Own_goal":"-",
        "Substitutions_on":"3",
        "Substitutions_off":"3",
        "Yellow_card":"8",
        "Second_yellow_card":"-",
        "Red_card":"1",
        "Goals_conceded":"316",
        "Clean_sheets":"67",
        "Minutes_played":"21.110'",
        "player_id":"128898"
    },
    {
        "Squad":"90",
        "Apperance":"17",
        "PPG":"1.06",
        "Goals":"-",
        "Own_goal":"-",
        "Substitutions_on":"3",
        "Substitutions_off":"-",
        "Yellow_card":"-",
        "Second_yellow_card":"-",
        "Red_card":"-",
        "Goals_conceded":"34",
        "Clean_sheets":"1",
        "Minutes_played":"1.364'",
        "player_id":"503765"
    },
    {
        "Squad":"49",
        "Apperance":"35",
        "PPG":"1.09",
        "Goals":"-",
        "Own_goal":"-",
        "Substitutions_on":"-",
        "Substitutions_off":"1",
        "Yellow_card":"2",
        "Second_yellow_card":"-",
        "Red_card":"-",
        "Goals_conceded":"77",
        "Clean_sheets":"6",
        "Minutes_played":"3.165'",
        "player_id":"838367"
    },
    {
        "Squad":"153",
        "Apperance":"108",
        "PPG":"1.92",
        "Goals":"-",
        "Own_goal":"-",
        "Substitutions_on":"-",
        "Substitutions_off":"2",
        "Yellow_card":"5",
        "Second_yellow_card":"-",
        "Red_card":"1",
        "Goals_conceded":"97",
        "Clean_sheets":"47",
        "Minutes_played":"9.658'",
        "player_id":"566799"
    },
    {
        "Squad":"283",
        "Apperance":"226",
        "PPG":"1.62",
        "Goals":"-",
        "Own_goal":"-",
        "Substitutions_on":"1",
        "Substitutions_off":"1",
        "Yellow_card":"7",
        "Second_yellow_card":"-",
        "Red_card":"-",
        "Goals_conceded":"250",
        "Clean_sheets":"82",
        "Minutes_played":"20.433'",
        "player_id":"396859"
    },
    {
        "Squad":"524",
        "Apperance":"333",
        "PPG":"1.36",
        "Goals":"-",
        "Own_goal":"1",
        "Substitutions_on":"-",
        "Substitutions_off":"3",
        "Yellow_card":"11",
        "Second_yellow_card":"-",
        "Red_card":"2",
        "Goals_conceded":"424",
        "Clean_sheets":"87",
        "Minutes_played":"29.856'",
        "player_id":"73564"
    },
    {
        "Squad":"367",
        "Apperance":"184",
        "PPG":"1.48",
        "Goals":"-",
        "Own_goal":"-",
        "Substitutions_on":"1",
        "Substitutions_off":"5",
        "Yellow_card":"4",
        "Second_yellow_card":"-",
        "Red_card":"-",
        "Goals_conceded":"232",
        "Clean_sheets":"56",
        "Minutes_played":"16.237'",
        "player_id":"110867"
    },
    {
        "Squad":"237",
        "Apperance":"166",
        "PPG":"1.68",
        "Goals":"-",
        "Own_goal":"-",
        "Substitutions_on":"1",
        "Substitutions_off":"1",
        "Yellow_card":"14",
        "Second_yellow_card":"-",
        "Red_card":"-",
        "Goals_conceded":"208",
        "Clean_sheets":"53",
        "Minutes_played":"14.895'",
        "player_id":"242089"
    },
    {
        "Squad":"208",
        "Apperance":"96",
        "PPG":"1.68",
        "Goals":"-",
        "Own_goal":"-",
        "Substitutions_on":"1",
        "Substitutions_off":"1",
        "Yellow_card":"3",
        "Second_yellow_card":"-",
        "Red_card":"1",
        "Goals_conceded":"122",
        "Clean_sheets":"34",
        "Minutes_played":"8.646'",
        "player_id":"329813"
    },
    {
        "Squad":"892",
        "Apperance":"652",
        "PPG":"1.78",
        "Goals":"-",
        "Own_goal":"-",
        "Substitutions_on":"-",
        "Substitutions_off":"4",
        "Yellow_card":"13",
        "Second_yellow_card":"-",
        "Red_card":"-",
        "Goals_conceded":"729",
        "Clean_sheets":"233",
        "Minutes_played":"58.702'",
        "player_id":"40204"
    },
    {
        "Squad":"19",
        "Apperance":"4",
        "PPG":"0.75",
        "Goals":"-",
        "Own_goal":"-",
        "Substitutions_on":"-",
        "Substitutions_off":"-",
        "Yellow_card":"-",
        "Second_yellow_card":"-",
        "Red_card":"-",
        "Goals_conceded":"1",
        "Clean_sheets":"2",
        "Minutes_played":"360'",
        "player_id":"424901"
    },
    {
        "Squad":"333",
        "Apperance":"107",
        "PPG":"1.31",
        "Goals":"-",
        "Own_goal":"-",
        "Substitutions_on":"4",
        "Substitutions_off":"1",
        "Yellow_card":"4",
        "Second_yellow_card":"-",
        "Red_card":"-",
        "Goals_conceded":"122",
        "Clean_sheets":"35",
        "Minutes_played":"9.421'",
        "player_id":"285551"
    },
    {
        "Squad":"266",
        "Apperance":"103",
        "PPG":"1.29",
        "Goals":"-",
        "Own_goal":"-",
        "Substitutions_on":"3",
        "Substitutions_off":"-",
        "Yellow_card":"3",
        "Second_yellow_card":"-",
        "Red_card":"-",
        "Goals_conceded":"143",
        "Clean_sheets":"26",
        "Minutes_played":"9.121'",
        "player_id":"192611"
    },
    {
        "Squad":"572",
        "Apperance":"216",
        "PPG":"1.56",
        "Goals":"-",
        "Own_goal":"-",
        "Substitutions_on":"4",
        "Substitutions_off":"2",
        "Yellow_card":"13",
        "Second_yellow_card":"-",
        "Red_card":"1",
        "Goals_conceded":"266",
        "Clean_sheets":"71",
        "Minutes_played":"19.394'",
        "player_id":"101118"
    },
    {
        "Squad":"718",
        "Apperance":"506",
        "PPG":"1.45",
        "Goals":"-",
        "Own_goal":"-",
        "Substitutions_on":"3",
        "Substitutions_off":"4",
        "Yellow_card":"11",
        "Second_yellow_card":"-",
        "Red_card":"1",
        "Goals_conceded":"632",
        "Clean_sheets":"160",
        "Minutes_played":"45.324'",
        "player_id":"29712"
    },
    {
        "Squad":"71",
        "Apperance":"55",
        "PPG":"1.33",
        "Goals":"-",
        "Own_goal":"1",
        "Substitutions_on":"-",
        "Substitutions_off":"-",
        "Yellow_card":"5",
        "Second_yellow_card":"-",
        "Red_card":"-",
        "Goals_conceded":"90",
        "Clean_sheets":"16",
        "Minutes_played":"4.950'",
        "player_id":"403564"
    },
    {
        "Squad":"530",
        "Apperance":"413",
        "PPG":"1.37",
        "Goals":"-",
        "Own_goal":"1",
        "Substitutions_on":"1",
        "Substitutions_off":"3",
        "Yellow_card":"18",
        "Second_yellow_card":"-",
        "Red_card":"-",
        "Goals_conceded":"553",
        "Clean_sheets":"126",
        "Minutes_played":"37.356'",
        "player_id":"48870"
    },
    {
        "Squad":"476",
        "Apperance":"207",
        "PPG":"1.38",
        "Goals":"-",
        "Own_goal":"-",
        "Substitutions_on":"4",
        "Substitutions_off":"4",
        "Yellow_card":"10",
        "Second_yellow_card":"-",
        "Red_card":"-",
        "Goals_conceded":"303",
        "Clean_sheets":"47",
        "Minutes_played":"18.218'",
        "player_id":"130768"
    },
    {
        "Squad":"261",
        "Apperance":"35",
        "PPG":"1.06",
        "Goals":"-",
        "Own_goal":"-",
        "Substitutions_on":"2",
        "Substitutions_off":"-",
        "Yellow_card":"1",
        "Second_yellow_card":"-",
        "Red_card":"-",
        "Goals_conceded":"63",
        "Clean_sheets":"9",
        "Minutes_played":"3.053'",
        "player_id":"257293"
    },
    {
        "Squad":"100",
        "Apperance":"60",
        "PPG":"1.10",
        "Goals":"-",
        "Own_goal":"1",
        "Substitutions_on":"1",
        "Substitutions_off":"1",
        "Yellow_card":"6",
        "Second_yellow_card":"-",
        "Red_card":"2",
        "Goals_conceded":"80",
        "Clean_sheets":"14",
        "Minutes_played":"5.286'",
        "player_id":"399158"
    },
    {
        "Squad":"469",
        "Apperance":"417",
        "PPG":"1.21",
        "Goals":"-",
        "Own_goal":"1",
        "Substitutions_on":"-",
        "Substitutions_off":"1",
        "Yellow_card":"19",
        "Second_yellow_card":"-",
        "Red_card":"3",
        "Goals_conceded":"591",
        "Clean_sheets":"117",
        "Minutes_played":"37.375'",
        "player_id":"130164"
    },
    {
        "Squad":"469",
        "Apperance":"341",
        "PPG":"1.63",
        "Goals":"-",
        "Own_goal":"1",
        "Substitutions_on":"2",
        "Substitutions_off":"3",
        "Yellow_card":"22",
        "Second_yellow_card":"-",
        "Red_card":"2",
        "Goals_conceded":"344",
        "Clean_sheets":"134",
        "Minutes_played":"30.453'",
        "player_id":"249994"
    },
    {
        "Squad":"156",
        "Apperance":"111",
        "PPG":"1.41",
        "Goals":"-",
        "Own_goal":"-",
        "Substitutions_on":"-",
        "Substitutions_off":"-",
        "Yellow_card":"-",
        "Second_yellow_card":"1",
        "Red_card":"1",
        "Goals_conceded":"172",
        "Clean_sheets":"32",
        "Minutes_played":"9.979'",
        "player_id":"576099"
    },
    {
        "Squad":"281",
        "Apperance":"155",
        "PPG":"1.49",
        "Goals":"-",
        "Own_goal":"-",
        "Substitutions_on":"2",
        "Substitutions_off":"2",
        "Yellow_card":"3",
        "Second_yellow_card":"-",
        "Red_card":"-",
        "Goals_conceded":"175",
        "Clean_sheets":"49",
        "Minutes_played":"13.850'",
        "player_id":"242681"
    },
    {
        "Squad":"679",
        "Apperance":"499",
        "PPG":"1.28",
        "Goals":"-",
        "Own_goal":"-",
        "Substitutions_on":"1",
        "Substitutions_off":"2",
        "Yellow_card":"12",
        "Second_yellow_card":"-",
        "Red_card":"-",
        "Goals_conceded":"635",
        "Clean_sheets":"131",
        "Minutes_played":"44.871'",
        "player_id":"12814"
    },
    {
        "Squad":"217",
        "Apperance":"208",
        "PPG":"1.79",
        "Goals":"-",
        "Own_goal":"1",
        "Substitutions_on":"-",
        "Substitutions_off":"2",
        "Yellow_card":"12",
        "Second_yellow_card":"-",
        "Red_card":"1",
        "Goals_conceded":"240",
        "Clean_sheets":"74",
        "Minutes_played":"18.640'",
        "player_id":"346551"
    },
    {
        "Squad":"478",
        "Apperance":"245",
        "PPG":"1.42",
        "Goals":"-",
        "Own_goal":"1",
        "Substitutions_on":"1",
        "Substitutions_off":"-",
        "Yellow_card":"18",
        "Second_yellow_card":"-",
        "Red_card":"-",
        "Goals_conceded":"317",
        "Clean_sheets":"72",
        "Minutes_played":"22.066'",
        "player_id":"99397"
    },
    {
        "Squad":"112",
        "Apperance":"71",
        "PPG":"1.90",
        "Goals":"-",
        "Own_goal":"-",
        "Substitutions_on":"2",
        "Substitutions_off":"4",
        "Yellow_card":"2",
        "Second_yellow_card":"-",
        "Red_card":"1",
        "Goals_conceded":"87",
        "Clean_sheets":"20",
        "Minutes_played":"5.896'",
        "player_id":"493513"
    },
    {
        "Squad":"158",
        "Apperance":"65",
        "PPG":"1.78",
        "Goals":"-",
        "Own_goal":"-",
        "Substitutions_on":"-",
        "Substitutions_off":"-",
        "Yellow_card":"4",
        "Second_yellow_card":"-",
        "Red_card":"-",
        "Goals_conceded":"86",
        "Clean_sheets":"16",
        "Minutes_played":"5.910'",
        "player_id":"526258"
    },
    {
        "Squad":"749",
        "Apperance":"689",
        "PPG":"1.60",
        "Goals":"-",
        "Own_goal":"3",
        "Substitutions_on":"1",
        "Substitutions_off":"3",
        "Yellow_card":"25",
        "Second_yellow_card":"1",
        "Red_card":"-",
        "Goals_conceded":"803",
        "Clean_sheets":"223",
        "Minutes_played":"62.057'",
        "player_id":"16911"
    },
    {
        "Squad":"780",
        "Apperance":"616",
        "PPG":"1.48",
        "Goals":"-",
        "Own_goal":"-",
        "Substitutions_on":"2",
        "Substitutions_off":"5",
        "Yellow_card":"13",
        "Second_yellow_card":"-",
        "Red_card":"2",
        "Goals_conceded":"791",
        "Clean_sheets":"172",
        "Minutes_played":"55.243'",
        "player_id":"13640"
    },
    {
        "Squad":"464",
        "Apperance":"325",
        "PPG":"1.61",
        "Goals":"-",
        "Own_goal":"1",
        "Substitutions_on":"4",
        "Substitutions_off":"2",
        "Yellow_card":"21",
        "Second_yellow_card":"1",
        "Red_card":"-",
        "Goals_conceded":"347",
        "Clean_sheets":"112",
        "Minutes_played":"29.014'",
        "player_id":"192279"
    },
    {
        "Squad":"284",
        "Apperance":"174",
        "PPG":"1.07",
        "Goals":"-",
        "Own_goal":"2",
        "Substitutions_on":"1",
        "Substitutions_off":"2",
        "Yellow_card":"10",
        "Second_yellow_card":"-",
        "Red_card":"-",
        "Goals_conceded":"277",
        "Clean_sheets":"30",
        "Minutes_played":"15.611'",
        "player_id":"289791"
    },
    {
        "Squad":"681",
        "Apperance":"372",
        "PPG":"1.54",
        "Goals":"-",
        "Own_goal":"-",
        "Substitutions_on":"3",
        "Substitutions_off":"2",
        "Yellow_card":"36",
        "Second_yellow_card":"-",
        "Red_card":"6",
        "Goals_conceded":"457",
        "Clean_sheets":"123",
        "Minutes_played":"33.144'",
        "player_id":"27486"
    },
    {
        "Squad":"226",
        "Apperance":"120",
        "PPG":"1.33",
        "Goals":"1",
        "Own_goal":"1",
        "Substitutions_on":"-",
        "Substitutions_off":"3",
        "Yellow_card":"2",
        "Second_yellow_card":"-",
        "Red_card":"1",
        "Goals_conceded":"188",
        "Clean_sheets":"26",
        "Minutes_played":"10.769'",
        "player_id":"463527"
    },
    {
        "Squad":"75",
        "Apperance":"38",
        "PPG":"0.71",
        "Goals":"-",
        "Own_goal":"-",
        "Substitutions_on":"1",
        "Substitutions_off":"-",
        "Yellow_card":"2",
        "Second_yellow_card":"-",
        "Red_card":"-",
        "Goals_conceded":"74",
        "Clean_sheets":"5",
        "Minutes_played":"3.374'",
        "player_id":"295073"
    },
    {
        "Squad":"214",
        "Apperance":"118",
        "PPG":"1.32",
        "Goals":"-",
        "Own_goal":"-",
        "Substitutions_on":"3",
        "Substitutions_off":"1",
        "Yellow_card":"11",
        "Second_yellow_card":"-",
        "Red_card":"2",
        "Goals_conceded":"214",
        "Clean_sheets":"20",
        "Minutes_played":"10.390'",
        "player_id":"418561"
    },
    {
        "Squad":"556",
        "Apperance":"393",
        "PPG":"1.40",
        "Goals":"-",
        "Own_goal":"2",
        "Substitutions_on":"1",
        "Substitutions_off":"3",
        "Yellow_card":"13",
        "Second_yellow_card":"1",
        "Red_card":"1",
        "Goals_conceded":"548",
        "Clean_sheets":"108",
        "Minutes_played":"35.383'",
        "player_id":"75890"
    },
    {
        "Squad":"396",
        "Apperance":"334",
        "PPG":"1.34",
        "Goals":"-",
        "Own_goal":"-",
        "Substitutions_on":"2",
        "Substitutions_off":"-",
        "Yellow_card":"18",
        "Second_yellow_card":"1",
        "Red_card":"1",
        "Goals_conceded":"398",
        "Clean_sheets":"98",
        "Minutes_played":"29.990'",
        "player_id":"243591"
    },
    {
        "Squad":"782",
        "Apperance":"514",
        "PPG":"1.33",
        "Goals":"-",
        "Own_goal":"2",
        "Substitutions_on":"7",
        "Substitutions_off":"2",
        "Yellow_card":"20",
        "Second_yellow_card":"-",
        "Red_card":"-",
        "Goals_conceded":"677",
        "Clean_sheets":"133",
        "Minutes_played":"46.069'",
        "player_id":"13460"
    },
    {
        "Squad":"40",
        "Apperance":"9",
        "PPG":"1.89",
        "Goals":"-",
        "Own_goal":"-",
        "Substitutions_on":"-",
        "Substitutions_off":"-",
        "Yellow_card":"-",
        "Second_yellow_card":"-",
        "Red_card":"-",
        "Goals_conceded":"14",
        "Clean_sheets":"2",
        "Minutes_played":"810'",
        "player_id":"494284"
    },
    {
        "Squad":"365",
        "Apperance":"249",
        "PPG":"1.57",
        "Goals":"-",
        "Own_goal":"-",
        "Substitutions_on":"2",
        "Substitutions_off":"1",
        "Yellow_card":"7",
        "Second_yellow_card":"-",
        "Red_card":"1",
        "Goals_conceded":"320",
        "Clean_sheets":"79",
        "Minutes_played":"22.209'",
        "player_id":"85864"
    },
    {
        "Squad":"125",
        "Apperance":"86",
        "PPG":"1.70",
        "Goals":"-",
        "Own_goal":"-",
        "Substitutions_on":"1",
        "Substitutions_off":"-",
        "Yellow_card":"4",
        "Second_yellow_card":"-",
        "Red_card":"1",
        "Goals_conceded":"109",
        "Clean_sheets":"19",
        "Minutes_played":"7.802'",
        "player_id":"444641"
    },
    {
        "Squad":"373",
        "Apperance":"303",
        "PPG":"1.62",
        "Goals":"-",
        "Own_goal":"-",
        "Substitutions_on":"1",
        "Substitutions_off":"9",
        "Yellow_card":"19",
        "Second_yellow_card":"-",
        "Red_card":"-",
        "Goals_conceded":"331",
        "Clean_sheets":"117",
        "Minutes_played":"26.971'",
        "player_id":"46405"
    },
    {
        "Squad":"111",
        "Apperance":"78",
        "PPG":"1.40",
        "Goals":"-",
        "Own_goal":"-",
        "Substitutions_on":"-",
        "Substitutions_off":"-",
        "Yellow_card":"1",
        "Second_yellow_card":"-",
        "Red_card":"1",
        "Goals_conceded":"122",
        "Clean_sheets":"14",
        "Minutes_played":"6.975'",
        "player_id":"490606"
    },
    {
        "Squad":"118",
        "Apperance":"68",
        "PPG":"1.38",
        "Goals":"-",
        "Own_goal":"-",
        "Substitutions_on":"-",
        "Substitutions_off":"1",
        "Yellow_card":"4",
        "Second_yellow_card":"-",
        "Red_card":"2",
        "Goals_conceded":"109",
        "Clean_sheets":"18",
        "Minutes_played":"6.042'",
        "player_id":"581890"
    },
    {
        "Squad":"679",
        "Apperance":"474",
        "PPG":"1.42",
        "Goals":"-",
        "Own_goal":"-",
        "Substitutions_on":"3",
        "Substitutions_off":"9",
        "Yellow_card":"12",
        "Second_yellow_card":"-",
        "Red_card":"1",
        "Goals_conceded":"608",
        "Clean_sheets":"132",
        "Minutes_played":"42.294'",
        "player_id":"29692"
    },
    {
        "Squad":"338",
        "Apperance":"240",
        "PPG":"1.42",
        "Goals":"-",
        "Own_goal":"-",
        "Substitutions_on":"-",
        "Substitutions_off":"1",
        "Yellow_card":"9",
        "Second_yellow_card":"-",
        "Red_card":"-",
        "Goals_conceded":"310",
        "Clean_sheets":"68",
        "Minutes_played":"21.615'",
        "player_id":"183301"
    },
    {
        "Squad":"143",
        "Apperance":"57",
        "PPG":"1.58",
        "Goals":"-",
        "Own_goal":"-",
        "Substitutions_on":"3",
        "Substitutions_off":"-",
        "Yellow_card":"2",
        "Second_yellow_card":"-",
        "Red_card":"2",
        "Goals_conceded":"52",
        "Clean_sheets":"21",
        "Minutes_played":"4.896'",
        "player_id":"223790"
    },
    {
        "Squad":"740",
        "Apperance":"451",
        "PPG":"1.90",
        "Goals":"-",
        "Own_goal":"1",
        "Substitutions_on":"2",
        "Substitutions_off":"14",
        "Yellow_card":"13",
        "Second_yellow_card":"-",
        "Red_card":"2",
        "Goals_conceded":"498",
        "Clean_sheets":"160",
        "Minutes_played":"40.079'",
        "player_id":"4311"
    },
    {
        "Squad":"41",
        "Apperance":"34",
        "PPG":"1.53",
        "Goals":"-",
        "Own_goal":"-",
        "Substitutions_on":"-",
        "Substitutions_off":"2",
        "Yellow_card":"-",
        "Second_yellow_card":"-",
        "Red_card":"-",
        "Goals_conceded":"58",
        "Clean_sheets":"8",
        "Minutes_played":"2.994'",
        "player_id":"662334"
    },
    {
        "Squad":"179",
        "Apperance":"58",
        "PPG":"1.52",
        "Goals":"-",
        "Own_goal":"-",
        "Substitutions_on":"-",
        "Substitutions_off":"1",
        "Yellow_card":"1",
        "Second_yellow_card":"-",
        "Red_card":"-",
        "Goals_conceded":"70",
        "Clean_sheets":"16",
        "Minutes_played":"5.211'",
        "player_id":"465955"
    },
    {
        "Squad":"554",
        "Apperance":"316",
        "PPG":"1.31",
        "Goals":"1",
        "Own_goal":"-",
        "Substitutions_on":"10",
        "Substitutions_off":"5",
        "Yellow_card":"17",
        "Second_yellow_card":"-",
        "Red_card":"-",
        "Goals_conceded":"441",
        "Clean_sheets":"88",
        "Minutes_played":"28.106'",
        "player_id":"16810"
    },
    {
        "Squad":"452",
        "Apperance":"257",
        "PPG":"1.53",
        "Goals":"-",
        "Own_goal":"1",
        "Substitutions_on":"2",
        "Substitutions_off":"1",
        "Yellow_card":"25",
        "Second_yellow_card":"-",
        "Red_card":"1",
        "Goals_conceded":"318",
        "Clean_sheets":"74",
        "Minutes_played":"22.956'",
        "player_id":"116648"
    },
    {
        "Squad":"360",
        "Apperance":"245",
        "PPG":"1.52",
        "Goals":"1",
        "Own_goal":"-",
        "Substitutions_on":"-",
        "Substitutions_off":"-",
        "Yellow_card":"8",
        "Second_yellow_card":"-",
        "Red_card":"2",
        "Goals_conceded":"331",
        "Clean_sheets":"70",
        "Minutes_played":"22.008'",
        "player_id":"186901"
    },
    {
        "Squad":"274",
        "Apperance":"80",
        "PPG":"1.64",
        "Goals":"-",
        "Own_goal":"-",
        "Substitutions_on":"1",
        "Substitutions_off":"-",
        "Yellow_card":"11",
        "Second_yellow_card":"-",
        "Red_card":"2",
        "Goals_conceded":"92",
        "Clean_sheets":"30",
        "Minutes_played":"7.294'",
        "player_id":"300137"
    },
    {
        "Squad":"392",
        "Apperance":"226",
        "PPG":"1.19",
        "Goals":"-",
        "Own_goal":"-",
        "Substitutions_on":"-",
        "Substitutions_off":"3",
        "Yellow_card":"18",
        "Second_yellow_card":"-",
        "Red_card":"1",
        "Goals_conceded":"346",
        "Clean_sheets":"49",
        "Minutes_played":"20.330'",
        "player_id":"80702"
    },
    {
        "Squad":"549",
        "Apperance":"226",
        "PPG":"1.40",
        "Goals":"-",
        "Own_goal":"2",
        "Substitutions_on":"4",
        "Substitutions_off":"2",
        "Yellow_card":"25",
        "Second_yellow_card":"-",
        "Red_card":"1",
        "Goals_conceded":"296",
        "Clean_sheets":"63",
        "Minutes_played":"20.083'",
        "player_id":"49319"
    },
    {
        "Squad":"441",
        "Apperance":"279",
        "PPG":"1.38",
        "Goals":"-",
        "Own_goal":"-",
        "Substitutions_on":"2",
        "Substitutions_off":"2",
        "Yellow_card":"13",
        "Second_yellow_card":"1",
        "Red_card":"1",
        "Goals_conceded":"396",
        "Clean_sheets":"67",
        "Minutes_played":"25.100'",
        "player_id":"142389"
    },
    {
        "Squad":"844",
        "Apperance":"693",
        "PPG":"1.39",
        "Goals":"-",
        "Own_goal":"1",
        "Substitutions_on":"1",
        "Substitutions_off":"2",
        "Yellow_card":"12",
        "Second_yellow_card":"-",
        "Red_card":"1",
        "Goals_conceded":"832",
        "Clean_sheets":"220",
        "Minutes_played":"62.678'",
        "player_id":"3357"
    },
    {
        "Squad":"155",
        "Apperance":"77",
        "PPG":"1.53",
        "Goals":"-",
        "Own_goal":"-",
        "Substitutions_on":"1",
        "Substitutions_off":"-",
        "Yellow_card":"3",
        "Second_yellow_card":"-",
        "Red_card":"-",
        "Goals_conceded":"104",
        "Clean_sheets":"27",
        "Minutes_played":"6.884'",
        "player_id":"357658"
    },
    {
        "Squad":"497",
        "Apperance":"387",
        "PPG":"1.43",
        "Goals":"-",
        "Own_goal":"-",
        "Substitutions_on":"2",
        "Substitutions_off":"-",
        "Yellow_card":"8",
        "Second_yellow_card":"-",
        "Red_card":"-",
        "Goals_conceded":"453",
        "Clean_sheets":"128",
        "Minutes_played":"34.850'",
        "player_id":"74960"
    },
    {
        "Squad":"412",
        "Apperance":"299",
        "PPG":"1.29",
        "Goals":"-",
        "Own_goal":"1",
        "Substitutions_on":"2",
        "Substitutions_off":"3",
        "Yellow_card":"23",
        "Second_yellow_card":"-",
        "Red_card":"1",
        "Goals_conceded":"401",
        "Clean_sheets":"87",
        "Minutes_played":"26.805'",
        "player_id":"60220"
    },
    {
        "Squad":"149",
        "Apperance":"123",
        "PPG":"1.77",
        "Goals":"-",
        "Own_goal":"1",
        "Substitutions_on":"-",
        "Substitutions_off":"1",
        "Yellow_card":"5",
        "Second_yellow_card":"-",
        "Red_card":"-",
        "Goals_conceded":"170",
        "Clean_sheets":"36",
        "Minutes_played":"11.100'",
        "player_id":"550829"
    },
    {
        "Squad":"225",
        "Apperance":"104",
        "PPG":"1.52",
        "Goals":"1",
        "Own_goal":"-",
        "Substitutions_on":"-",
        "Substitutions_off":"-",
        "Yellow_card":"2",
        "Second_yellow_card":"-",
        "Red_card":"-",
        "Goals_conceded":"141",
        "Clean_sheets":"28",
        "Minutes_played":"9.420'",
        "player_id":"318547"
    },
    {
        "Squad":"518",
        "Apperance":"413",
        "PPG":"1.57",
        "Goals":"-",
        "Own_goal":"1",
        "Substitutions_on":"-",
        "Substitutions_off":"-",
        "Yellow_card":"18",
        "Second_yellow_card":"-",
        "Red_card":"-",
        "Goals_conceded":"483",
        "Clean_sheets":"135",
        "Minutes_played":"37.380'",
        "player_id":"128969"
    },
    {
        "Squad":"217",
        "Apperance":"142",
        "PPG":"1.56",
        "Goals":"-",
        "Own_goal":"-",
        "Substitutions_on":"-",
        "Substitutions_off":"2",
        "Yellow_card":"2",
        "Second_yellow_card":"-",
        "Red_card":"-",
        "Goals_conceded":"170",
        "Clean_sheets":"51",
        "Minutes_played":"12.791'",
        "player_id":"293257"
    },
    {
        "Squad":"311",
        "Apperance":"200",
        "PPG":"1.42",
        "Goals":"-",
        "Own_goal":"-",
        "Substitutions_on":"3",
        "Substitutions_off":"2",
        "Yellow_card":"3",
        "Second_yellow_card":"-",
        "Red_card":"-",
        "Goals_conceded":"269",
        "Clean_sheets":"56",
        "Minutes_played":"17.859'",
        "player_id":"220491"
    },
    {
        "Squad":"57",
        "Apperance":"3",
        "PPG":"1.00",
        "Goals":"-",
        "Own_goal":"-",
        "Substitutions_on":"-",
        "Substitutions_off":"-",
        "Yellow_card":"-",
        "Second_yellow_card":"-",
        "Red_card":"-",
        "Goals_conceded":"5",
        "Clean_sheets":"1",
        "Minutes_played":"300'",
        "player_id":"741236"
    },
    {
        "Squad":"291",
        "Apperance":"226",
        "PPG":"1.42",
        "Goals":"-",
        "Own_goal":"1",
        "Substitutions_on":"-",
        "Substitutions_off":"2",
        "Yellow_card":"13",
        "Second_yellow_card":"-",
        "Red_card":"1",
        "Goals_conceded":"270",
        "Clean_sheets":"72",
        "Minutes_played":"20.333'",
        "player_id":"240457"
    },
    {
        "Squad":"587",
        "Apperance":"362",
        "PPG":"1.56",
        "Goals":"-",
        "Own_goal":"-",
        "Substitutions_on":"3",
        "Substitutions_off":"1",
        "Yellow_card":"8",
        "Second_yellow_card":"-",
        "Red_card":"1",
        "Goals_conceded":"459",
        "Clean_sheets":"108",
        "Minutes_played":"32.653'",
        "player_id":"29391"
    },
    {
        "Squad":"269",
        "Apperance":"154",
        "PPG":"1.41",
        "Goals":"-",
        "Own_goal":"1",
        "Substitutions_on":"1",
        "Substitutions_off":"1",
        "Yellow_card":"9",
        "Second_yellow_card":"-",
        "Red_card":"-",
        "Goals_conceded":"233",
        "Clean_sheets":"40",
        "Minutes_played":"13.780'",
        "player_id":"288259"
    },
    {
        "Squad":"507",
        "Apperance":"306",
        "PPG":"1.45",
        "Goals":"-",
        "Own_goal":"-",
        "Substitutions_on":"4",
        "Substitutions_off":"5",
        "Yellow_card":"10",
        "Second_yellow_card":"-",
        "Red_card":"1",
        "Goals_conceded":"370",
        "Clean_sheets":"111",
        "Minutes_played":"27.292'",
        "player_id":"26276"
    },
    {
        "Squad":"364",
        "Apperance":"225",
        "PPG":"1.26",
        "Goals":"-",
        "Own_goal":"1",
        "Substitutions_on":"1",
        "Substitutions_off":"1",
        "Yellow_card":"14",
        "Second_yellow_card":"-",
        "Red_card":"1",
        "Goals_conceded":"282",
        "Clean_sheets":"64",
        "Minutes_played":"20.251'",
        "player_id":"138285"
    },
    {
        "Squad":"239",
        "Apperance":"142",
        "PPG":"1.36",
        "Goals":"-",
        "Own_goal":"-",
        "Substitutions_on":"3",
        "Substitutions_off":"1",
        "Yellow_card":"13",
        "Second_yellow_card":"-",
        "Red_card":"1",
        "Goals_conceded":"170",
        "Clean_sheets":"50",
        "Minutes_played":"12.625'",
        "player_id":"215677"
    },
    {
        "Squad":"256",
        "Apperance":"176",
        "PPG":"1.19",
        "Goals":"-",
        "Own_goal":"-",
        "Substitutions_on":"-",
        "Substitutions_off":"1",
        "Yellow_card":"12",
        "Second_yellow_card":"-",
        "Red_card":"-",
        "Goals_conceded":"245",
        "Clean_sheets":"48",
        "Minutes_played":"15.847'",
        "player_id":"342050"
    },
    {
        "Squad":"203",
        "Apperance":"104",
        "PPG":"1.31",
        "Goals":"-",
        "Own_goal":"-",
        "Substitutions_on":"1",
        "Substitutions_off":"-",
        "Yellow_card":"1",
        "Second_yellow_card":"-",
        "Red_card":"-",
        "Goals_conceded":"168",
        "Clean_sheets":"22",
        "Minutes_played":"9.314'",
        "player_id":"495033"
    },
    {
        "Squad":"102",
        "Apperance":"57",
        "PPG":"1.23",
        "Goals":"-",
        "Own_goal":"-",
        "Substitutions_on":"-",
        "Substitutions_off":"-",
        "Yellow_card":"-",
        "Second_yellow_card":"-",
        "Red_card":"-",
        "Goals_conceded":"99",
        "Clean_sheets":"12",
        "Minutes_played":"5.190'",
        "player_id":"353129"
    },
    {
        "Squad":"190",
        "Apperance":"138",
        "PPG":"1.31",
        "Goals":"-",
        "Own_goal":"-",
        "Substitutions_on":"1",
        "Substitutions_off":"-",
        "Yellow_card":"7",
        "Second_yellow_card":"-",
        "Red_card":"1",
        "Goals_conceded":"201",
        "Clean_sheets":"40",
        "Minutes_played":"12.265'",
        "player_id":"431422"
    },
    {
        "Squad":"505",
        "Apperance":"318",
        "PPG":"1.36",
        "Goals":"-",
        "Own_goal":"1",
        "Substitutions_on":"1",
        "Substitutions_off":"5",
        "Yellow_card":"14",
        "Second_yellow_card":"-",
        "Red_card":"-",
        "Goals_conceded":"424",
        "Clean_sheets":"89",
        "Minutes_played":"28.629'",
        "player_id":"61694"
    },
    {
        "Squad":"367",
        "Apperance":"295",
        "PPG":"1.47",
        "Goals":"-",
        "Own_goal":"-",
        "Substitutions_on":"3",
        "Substitutions_off":"1",
        "Yellow_card":"10",
        "Second_yellow_card":"-",
        "Red_card":"1",
        "Goals_conceded":"308",
        "Clean_sheets":"115",
        "Minutes_played":"26.292'",
        "player_id":"192080"
    },
    {
        "Squad":"478",
        "Apperance":"270",
        "PPG":"1.31",
        "Goals":"-",
        "Own_goal":"-",
        "Substitutions_on":"3",
        "Substitutions_off":"5",
        "Yellow_card":"4",
        "Second_yellow_card":"-",
        "Red_card":"1",
        "Goals_conceded":"350",
        "Clean_sheets":"73",
        "Minutes_played":"24.047'",
        "player_id":"12359"
    },
    {
        "Squad":"105",
        "Apperance":"51",
        "PPG":"1.39",
        "Goals":"-",
        "Own_goal":"-",
        "Substitutions_on":"1",
        "Substitutions_off":"-",
        "Yellow_card":"-",
        "Second_yellow_card":"-",
        "Red_card":"-",
        "Goals_conceded":"101",
        "Clean_sheets":"9",
        "Minutes_played":"4.545'",
        "player_id":"555074"
    },
    {
        "Squad":"471",
        "Apperance":"217",
        "PPG":"1.34",
        "Goals":"-",
        "Own_goal":"1",
        "Substitutions_on":"2",
        "Substitutions_off":"2",
        "Yellow_card":"7",
        "Second_yellow_card":"-",
        "Red_card":"1",
        "Goals_conceded":"270",
        "Clean_sheets":"68",
        "Minutes_played":"19.325'",
        "player_id":"16408"
    },
    {
        "Squad":"428",
        "Apperance":"259",
        "PPG":"1.61",
        "Goals":"-",
        "Own_goal":"-",
        "Substitutions_on":"3",
        "Substitutions_off":"3",
        "Yellow_card":"3",
        "Second_yellow_card":"-",
        "Red_card":"3",
        "Goals_conceded":"337",
        "Clean_sheets":"73",
        "Minutes_played":"23.138'",
        "player_id":"73517"
    },
    {
        "Squad":"118",
        "Apperance":"97",
        "PPG":"1.68",
        "Goals":"-",
        "Own_goal":"-",
        "Substitutions_on":"2",
        "Substitutions_off":"-",
        "Yellow_card":"7",
        "Second_yellow_card":"-",
        "Red_card":"1",
        "Goals_conceded":"130",
        "Clean_sheets":"31",
        "Minutes_played":"8.568'",
        "player_id":"429563"
    },
    {
        "Squad":"436",
        "Apperance":"307",
        "PPG":"1.57",
        "Goals":"-",
        "Own_goal":"1",
        "Substitutions_on":"5",
        "Substitutions_off":"2",
        "Yellow_card":"25",
        "Second_yellow_card":"-",
        "Red_card":"1",
        "Goals_conceded":"385",
        "Clean_sheets":"88",
        "Minutes_played":"27.319'",
        "player_id":"286415"
    },
    {
        "Squad":"657",
        "Apperance":"498",
        "PPG":"1.31",
        "Goals":"2",
        "Own_goal":"-",
        "Substitutions_on":"2",
        "Substitutions_off":"6",
        "Yellow_card":"6",
        "Second_yellow_card":"-",
        "Red_card":"1",
        "Goals_conceded":"743",
        "Clean_sheets":"123",
        "Minutes_played":"44.699'",
        "player_id":"3630"
    },
    {
        "Squad":"414",
        "Apperance":"203",
        "PPG":"1.42",
        "Goals":"-",
        "Own_goal":"-",
        "Substitutions_on":"3",
        "Substitutions_off":"-",
        "Yellow_card":"19",
        "Second_yellow_card":"-",
        "Red_card":"-",
        "Goals_conceded":"251",
        "Clean_sheets":"56",
        "Minutes_played":"18.218'",
        "player_id":"195488"
    },
    {
        "Squad":"1112",
        "Apperance":"925",
        "PPG":"1.83",
        "Goals":"-",
        "Own_goal":"4",
        "Substitutions_on":"5",
        "Substitutions_off":"5",
        "Yellow_card":"44",
        "Second_yellow_card":"-",
        "Red_card":"4",
        "Goals_conceded":"945",
        "Clean_sheets":"355",
        "Minutes_played":"83.187'",
        "player_id":"7825"
    },
    {
        "Squad":"885",
        "Apperance":"782",
        "PPG":"1.96",
        "Goals":"-",
        "Own_goal":"3",
        "Substitutions_on":"3",
        "Substitutions_off":"14",
        "Yellow_card":"14",
        "Second_yellow_card":"-",
        "Red_card":"2",
        "Goals_conceded":"695",
        "Clean_sheets":"341",
        "Minutes_played":"70.203'",
        "player_id":"5658"
    },
    {
        "Squad":"435",
        "Apperance":"198",
        "PPG":"1.68",
        "Goals":"-",
        "Own_goal":"-",
        "Substitutions_on":"1",
        "Substitutions_off":"5",
        "Yellow_card":"9",
        "Second_yellow_card":"-",
        "Red_card":"1",
        "Goals_conceded":"223",
        "Clean_sheets":"61",
        "Minutes_played":"17.601'",
        "player_id":"244192"
    },
    {
        "Squad":"235",
        "Apperance":"146",
        "PPG":"1.38",
        "Goals":"-",
        "Own_goal":"1",
        "Substitutions_on":"1",
        "Substitutions_off":"2",
        "Yellow_card":"15",
        "Second_yellow_card":"-",
        "Red_card":"-",
        "Goals_conceded":"212",
        "Clean_sheets":"34",
        "Minutes_played":"12.981'",
        "player_id":"365544"
    },
    {
        "Squad":"557",
        "Apperance":"379",
        "PPG":"1.55",
        "Goals":"-",
        "Own_goal":"-",
        "Substitutions_on":"2",
        "Substitutions_off":"6",
        "Yellow_card":"13",
        "Second_yellow_card":"-",
        "Red_card":"2",
        "Goals_conceded":"478",
        "Clean_sheets":"123",
        "Minutes_played":"33.760'",
        "player_id":"39015"
    },
    {
        "Squad":"355",
        "Apperance":"246",
        "PPG":"1.49",
        "Goals":"1",
        "Own_goal":"-",
        "Substitutions_on":"1",
        "Substitutions_off":"2",
        "Yellow_card":"11",
        "Second_yellow_card":"-",
        "Red_card":"1",
        "Goals_conceded":"384",
        "Clean_sheets":"63",
        "Minutes_played":"22.075'",
        "player_id":"111428"
    },
    {
        "Squad":"351",
        "Apperance":"216",
        "PPG":"1.12",
        "Goals":"-",
        "Own_goal":"2",
        "Substitutions_on":"2",
        "Substitutions_off":"4",
        "Yellow_card":"7",
        "Second_yellow_card":"-",
        "Red_card":"1",
        "Goals_conceded":"345",
        "Clean_sheets":"51",
        "Minutes_played":"19.304'",
        "player_id":"196722"
    },
    {
        "Squad":"382",
        "Apperance":"104",
        "PPG":"1.16",
        "Goals":"-",
        "Own_goal":"1",
        "Substitutions_on":"2",
        "Substitutions_off":"3",
        "Yellow_card":"-",
        "Second_yellow_card":"-",
        "Red_card":"-",
        "Goals_conceded":"147",
        "Clean_sheets":"24",
        "Minutes_played":"9.207'",
        "player_id":"66518"
    },
    {
        "Squad":"497",
        "Apperance":"397",
        "PPG":"1.65",
        "Goals":"-",
        "Own_goal":"2",
        "Substitutions_on":"2",
        "Substitutions_off":"10",
        "Yellow_card":"2",
        "Second_yellow_card":"-",
        "Red_card":"-",
        "Goals_conceded":"445",
        "Clean_sheets":"136",
        "Minutes_played":"35.366'",
        "player_id":"3120"
    },
    {
        "Squad":"442",
        "Apperance":"205",
        "PPG":"1.38",
        "Goals":"-",
        "Own_goal":"1",
        "Substitutions_on":"4",
        "Substitutions_off":"5",
        "Yellow_card":"14",
        "Second_yellow_card":"1",
        "Red_card":"-",
        "Goals_conceded":"291",
        "Clean_sheets":"52",
        "Minutes_played":"18.059'",
        "player_id":"39037"
    },
    {
        "Squad":"754",
        "Apperance":"655",
        "PPG":"1.39",
        "Goals":"-",
        "Own_goal":"3",
        "Substitutions_on":"3",
        "Substitutions_off":"6",
        "Yellow_card":"9",
        "Second_yellow_card":"-",
        "Red_card":"2",
        "Goals_conceded":"859",
        "Clean_sheets":"188",
        "Minutes_played":"58.768'",
        "player_id":"11680"
    },
    {
        "Squad":"231",
        "Apperance":"185",
        "PPG":"1.41",
        "Goals":"-",
        "Own_goal":"-",
        "Substitutions_on":"-",
        "Substitutions_off":"3",
        "Yellow_card":"15",
        "Second_yellow_card":"-",
        "Red_card":"1",
        "Goals_conceded":"213",
        "Clean_sheets":"56",
        "Minutes_played":"16.571'",
        "player_id":"403151"
    },
    {
        "Squad":"591",
        "Apperance":"387",
        "PPG":"1.48",
        "Goals":"-",
        "Own_goal":"3",
        "Substitutions_on":"5",
        "Substitutions_off":"1",
        "Yellow_card":"26",
        "Second_yellow_card":"-",
        "Red_card":"1",
        "Goals_conceded":"494",
        "Clean_sheets":"121",
        "Minutes_played":"34.681'",
        "player_id":"37403"
    },
    {
        "Squad":"441",
        "Apperance":"285",
        "PPG":"1.78",
        "Goals":"-",
        "Own_goal":"-",
        "Substitutions_on":"4",
        "Substitutions_off":"3",
        "Yellow_card":"12",
        "Second_yellow_card":"-",
        "Red_card":"1",
        "Goals_conceded":"330",
        "Clean_sheets":"98",
        "Minutes_played":"25.479'",
        "player_id":"75458"
    },
    {
        "Squad":"531",
        "Apperance":"427",
        "PPG":"1.28",
        "Goals":"-",
        "Own_goal":"1",
        "Substitutions_on":"2",
        "Substitutions_off":"3",
        "Yellow_card":"28",
        "Second_yellow_card":"1",
        "Red_card":"-",
        "Goals_conceded":"641",
        "Clean_sheets":"100",
        "Minutes_played":"38.418'",
        "player_id":"21327"
    },
    {
        "Squad":"734",
        "Apperance":"697",
        "PPG":"1.80",
        "Goals":"-",
        "Own_goal":"1",
        "Substitutions_on":"1",
        "Substitutions_off":"3",
        "Yellow_card":"37",
        "Second_yellow_card":"-",
        "Red_card":"3",
        "Goals_conceded":"704",
        "Clean_sheets":"261",
        "Minutes_played":"62.832'",
        "player_id":"45026"
    },
    {
        "Squad":"341",
        "Apperance":"174",
        "PPG":"1.25",
        "Goals":"-",
        "Own_goal":"1",
        "Substitutions_on":"4",
        "Substitutions_off":"3",
        "Yellow_card":"6",
        "Second_yellow_card":"-",
        "Red_card":"-",
        "Goals_conceded":"293",
        "Clean_sheets":"29",
        "Minutes_played":"15.352'",
        "player_id":"205657"
    },
    {
        "Squad":"508",
        "Apperance":"347",
        "PPG":"1.27",
        "Goals":"-",
        "Own_goal":"1",
        "Substitutions_on":"4",
        "Substitutions_off":"2",
        "Yellow_card":"28",
        "Second_yellow_card":"-",
        "Red_card":"3",
        "Goals_conceded":"454",
        "Clean_sheets":"100",
        "Minutes_played":"31.054'",
        "player_id":"111073"
    },
    {
        "Squad":"266",
        "Apperance":"175",
        "PPG":"1.03",
        "Goals":"-",
        "Own_goal":"-",
        "Substitutions_on":"1",
        "Substitutions_off":"1",
        "Yellow_card":"2",
        "Second_yellow_card":"-",
        "Red_card":"-",
        "Goals_conceded":"294",
        "Clean_sheets":"34",
        "Minutes_played":"15.737'",
        "player_id":"193861"
    },
    {
        "Squad":"134",
        "Apperance":"57",
        "PPG":"1.00",
        "Goals":"-",
        "Own_goal":"-",
        "Substitutions_on":"1",
        "Substitutions_off":"1",
        "Yellow_card":"3",
        "Second_yellow_card":"-",
        "Red_card":"1",
        "Goals_conceded":"80",
        "Clean_sheets":"12",
        "Minutes_played":"4.990'",
        "player_id":"495441"
    },
    {
        "Squad":"123",
        "Apperance":"82",
        "PPG":"1.21",
        "Goals":"-",
        "Own_goal":"-",
        "Substitutions_on":"-",
        "Substitutions_off":"-",
        "Yellow_card":"3",
        "Second_yellow_card":"-",
        "Red_card":"-",
        "Goals_conceded":"140",
        "Clean_sheets":"14",
        "Minutes_played":"7.380'",
        "player_id":"258023"
    },
    {
        "Squad":"428",
        "Apperance":"372",
        "PPG":"1.53",
        "Goals":"-",
        "Own_goal":"2",
        "Substitutions_on":"-",
        "Substitutions_off":"-",
        "Yellow_card":"21",
        "Second_yellow_card":"-",
        "Red_card":"1",
        "Goals_conceded":"429",
        "Clean_sheets":"121",
        "Minutes_played":"33.540'",
        "player_id":"110864"
    },
    {
        "Squad":"54",
        "Apperance":"43",
        "PPG":"1.49",
        "Goals":"-",
        "Own_goal":"-",
        "Substitutions_on":"-",
        "Substitutions_off":"-",
        "Yellow_card":"1",
        "Second_yellow_card":"-",
        "Red_card":"-",
        "Goals_conceded":"61",
        "Clean_sheets":"11",
        "Minutes_played":"3.870'",
        "player_id":"733430"
    },
    {
        "Squad":"726",
        "Apperance":"522",
        "PPG":"1.44",
        "Goals":"-",
        "Own_goal":"4",
        "Substitutions_on":"2",
        "Substitutions_off":"2",
        "Yellow_card":"28",
        "Second_yellow_card":"-",
        "Red_card":"2",
        "Goals_conceded":"661",
        "Clean_sheets":"153",
        "Minutes_played":"46.877'",
        "player_id":"14555"
    },
    {
        "Squad":"531",
        "Apperance":"277",
        "PPG":"1.58",
        "Goals":"-",
        "Own_goal":"-",
        "Substitutions_on":"8",
        "Substitutions_off":"-",
        "Yellow_card":"12",
        "Second_yellow_card":"-",
        "Red_card":"-",
        "Goals_conceded":"380",
        "Clean_sheets":"87",
        "Minutes_played":"24.620'",
        "player_id":"207302"
    },
    {
        "Squad":"615",
        "Apperance":"298",
        "PPG":"1.77",
        "Goals":"-",
        "Own_goal":"-",
        "Substitutions_on":"4",
        "Substitutions_off":"9",
        "Yellow_card":"16",
        "Second_yellow_card":"-",
        "Red_card":"2",
        "Goals_conceded":"282",
        "Clean_sheets":"130",
        "Minutes_played":"26.619'",
        "player_id":"30690"
    },
    {
        "Squad":"859",
        "Apperance":"618",
        "PPG":"1.51",
        "Goals":"-",
        "Own_goal":"2",
        "Substitutions_on":"1",
        "Substitutions_off":"13",
        "Yellow_card":"21",
        "Second_yellow_card":"-",
        "Red_card":"1",
        "Goals_conceded":"789",
        "Clean_sheets":"178",
        "Minutes_played":"55.359'",
        "player_id":"3146"
    },
    {
        "Squad":"728",
        "Apperance":"598",
        "PPG":"1.67",
        "Goals":"1",
        "Own_goal":"3",
        "Substitutions_on":"1",
        "Substitutions_off":"3",
        "Yellow_card":"24",
        "Second_yellow_card":"-",
        "Red_card":"-",
        "Goals_conceded":"699",
        "Clean_sheets":"202",
        "Minutes_played":"54.066'",
        "player_id":"50219"
    },
    {
        "Squad":"514",
        "Apperance":"229",
        "PPG":"1.54",
        "Goals":"-",
        "Own_goal":"-",
        "Substitutions_on":"9",
        "Substitutions_off":"-",
        "Yellow_card":"6",
        "Second_yellow_card":"-",
        "Red_card":"1",
        "Goals_conceded":"285",
        "Clean_sheets":"56",
        "Minutes_played":"20.282'",
        "player_id":"123536"
    },
    {
        "Squad":"357",
        "Apperance":"187",
        "PPG":"1.34",
        "Goals":"-",
        "Own_goal":"1",
        "Substitutions_on":"3",
        "Substitutions_off":"7",
        "Yellow_card":"5",
        "Second_yellow_card":"-",
        "Red_card":"-",
        "Goals_conceded":"258",
        "Clean_sheets":"52",
        "Minutes_played":"16.449'",
        "player_id":"52191"
    },
    {
        "Squad":"697",
        "Apperance":"260",
        "PPG":"1.56",
        "Goals":"-",
        "Own_goal":"-",
        "Substitutions_on":"14",
        "Substitutions_off":"4",
        "Yellow_card":"1",
        "Second_yellow_card":"-",
        "Red_card":"1",
        "Goals_conceded":"287",
        "Clean_sheets":"90",
        "Minutes_played":"22.638'",
        "player_id":"3562"
    },
    {
        "Squad":"804",
        "Apperance":"736",
        "PPG":"1.67",
        "Goals":"-",
        "Own_goal":"2",
        "Substitutions_on":"-",
        "Substitutions_off":"10",
        "Yellow_card":"22",
        "Second_yellow_card":"1",
        "Red_card":"4",
        "Goals_conceded":"802",
        "Clean_sheets":"240",
        "Minutes_played":"65.993'",
        "player_id":"23951"
    },
    {
        "Squad":"344",
        "Apperance":"101",
        "PPG":"1.46",
        "Goals":"-",
        "Own_goal":"1",
        "Substitutions_on":"7",
        "Substitutions_off":"-",
        "Yellow_card":"1",
        "Second_yellow_card":"-",
        "Red_card":"-",
        "Goals_conceded":"135",
        "Clean_sheets":"21",
        "Minutes_played":"8.718'",
        "player_id":"3190"
    },
    {
        "Squad":"75",
        "Apperance":"47",
        "PPG":"1.02",
        "Goals":"-",
        "Own_goal":"-",
        "Substitutions_on":"-",
        "Substitutions_off":"-",
        "Yellow_card":"-",
        "Second_yellow_card":"-",
        "Red_card":"-",
        "Goals_conceded":"87",
        "Clean_sheets":"4",
        "Minutes_played":"4.230'",
        "player_id":"731466"
    },
    {
        "Squad":"633",
        "Apperance":"580",
        "PPG":"2.04",
        "Goals":"-",
        "Own_goal":"1",
        "Substitutions_on":"-",
        "Substitutions_off":"2",
        "Yellow_card":"20",
        "Second_yellow_card":"-",
        "Red_card":"3",
        "Goals_conceded":"542",
        "Clean_sheets":"239",
        "Minutes_played":"52.301'",
        "player_id":"108390"
    },
    {
        "Squad":"761",
        "Apperance":"688",
        "PPG":"1.55",
        "Goals":"1",
        "Own_goal":"2",
        "Substitutions_on":"3",
        "Substitutions_off":"5",
        "Yellow_card":"24",
        "Second_yellow_card":"-",
        "Red_card":"3",
        "Goals_conceded":"832",
        "Clean_sheets":"207",
        "Minutes_played":"61.994'",
        "player_id":"4267"
    },
    {
        "Squad":"586",
        "Apperance":"427",
        "PPG":"1.40",
        "Goals":"-",
        "Own_goal":"3",
        "Substitutions_on":"3",
        "Substitutions_off":"3",
        "Yellow_card":"25",
        "Second_yellow_card":"1",
        "Red_card":"-",
        "Goals_conceded":"628",
        "Clean_sheets":"119",
        "Minutes_played":"38.415'",
        "player_id":"33027"
    },
    {
        "Squad":"604",
        "Apperance":"381",
        "PPG":"1.45",
        "Goals":"-",
        "Own_goal":"1",
        "Substitutions_on":"2",
        "Substitutions_off":"4",
        "Yellow_card":"8",
        "Second_yellow_card":"1",
        "Red_card":"-",
        "Goals_conceded":"483",
        "Clean_sheets":"108",
        "Minutes_played":"34.231'",
        "player_id":"34130"
    },
    {
        "Squad":"132",
        "Apperance":"82",
        "PPG":"1.16",
        "Goals":"-",
        "Own_goal":"-",
        "Substitutions_on":"2",
        "Substitutions_off":"1",
        "Yellow_card":"-",
        "Second_yellow_card":"-",
        "Red_card":"-",
        "Goals_conceded":"153",
        "Clean_sheets":"10",
        "Minutes_played":"7.283'",
        "player_id":"406556"
    },
    {
        "Squad":"326",
        "Apperance":"171",
        "PPG":"1.43",
        "Goals":"-",
        "Own_goal":"1",
        "Substitutions_on":"5",
        "Substitutions_off":"3",
        "Yellow_card":"12",
        "Second_yellow_card":"-",
        "Red_card":"-",
        "Goals_conceded":"213",
        "Clean_sheets":"44",
        "Minutes_played":"15.033'",
        "player_id":"62947"
    },
    {
        "Squad":"625",
        "Apperance":"422",
        "PPG":"1.37",
        "Goals":"-",
        "Own_goal":"2",
        "Substitutions_on":"6",
        "Substitutions_off":"3",
        "Yellow_card":"28",
        "Second_yellow_card":"1",
        "Red_card":"1",
        "Goals_conceded":"522",
        "Clean_sheets":"129",
        "Minutes_played":"37.706'",
        "player_id":"64399"
    },
    {
        "Squad":"751",
        "Apperance":"648",
        "PPG":"2.07",
        "Goals":"-",
        "Own_goal":"-",
        "Substitutions_on":"1",
        "Substitutions_off":"1",
        "Yellow_card":"46",
        "Second_yellow_card":"-",
        "Red_card":"3",
        "Goals_conceded":"570",
        "Clean_sheets":"274",
        "Minutes_played":"58.167'",
        "player_id":"7589"
    },
    {
        "Squad":"145",
        "Apperance":"94",
        "PPG":"1.29",
        "Goals":"-",
        "Own_goal":"-",
        "Substitutions_on":"-",
        "Substitutions_off":"1",
        "Yellow_card":"2",
        "Second_yellow_card":"-",
        "Red_card":"-",
        "Goals_conceded":"155",
        "Clean_sheets":"21",
        "Minutes_played":"8.437'",
        "player_id":"484838"
    },
    {
        "Squad":"3",
        "Apperance":"-",
        "PPG":"",
        "Goals":"-",
        "Own_goal":"-",
        "Substitutions_on":"-",
        "Substitutions_off":"-",
        "Yellow_card":"-",
        "Second_yellow_card":"-",
        "Red_card":"-",
        "Goals_conceded":"-",
        "Clean_sheets":"-",
        "Minutes_played":"-",
        "player_id":"736251"
    },
    {
        "Squad":"157",
        "Apperance":"112",
        "PPG":"1.86",
        "Goals":"-",
        "Own_goal":"-",
        "Substitutions_on":"-",
        "Substitutions_off":"3",
        "Yellow_card":"3",
        "Second_yellow_card":"-",
        "Red_card":"-",
        "Goals_conceded":"147",
        "Clean_sheets":"34",
        "Minutes_played":"10.094'",
        "player_id":"486604"
    },
    {
        "Squad":"524",
        "Apperance":"288",
        "PPG":"1.34",
        "Goals":"-",
        "Own_goal":"1",
        "Substitutions_on":"4",
        "Substitutions_off":"3",
        "Yellow_card":"8",
        "Second_yellow_card":"-",
        "Red_card":"-",
        "Goals_conceded":"389",
        "Clean_sheets":"75",
        "Minutes_played":"25.791'",
        "player_id":"33781"
    },
    {
        "Squad":"627",
        "Apperance":"349",
        "PPG":"1.25",
        "Goals":"-",
        "Own_goal":"2",
        "Substitutions_on":"4",
        "Substitutions_off":"3",
        "Yellow_card":"6",
        "Second_yellow_card":"-",
        "Red_card":"1",
        "Goals_conceded":"514",
        "Clean_sheets":"95",
        "Minutes_played":"31.280'",
        "player_id":"45494"
    },
    {
        "Squad":"577",
        "Apperance":"419",
        "PPG":"1.84",
        "Goals":"-",
        "Own_goal":"-",
        "Substitutions_on":"-",
        "Substitutions_off":"3",
        "Yellow_card":"14",
        "Second_yellow_card":"-",
        "Red_card":"2",
        "Goals_conceded":"422",
        "Clean_sheets":"164",
        "Minutes_played":"37.729'",
        "player_id":"61697"
    },
    {
        "Squad":"45",
        "Apperance":"24",
        "PPG":"1.21",
        "Goals":"-",
        "Own_goal":"-",
        "Substitutions_on":"-",
        "Substitutions_off":"-",
        "Yellow_card":"-",
        "Second_yellow_card":"-",
        "Red_card":"-",
        "Goals_conceded":"35",
        "Clean_sheets":"4",
        "Minutes_played":"2.160'",
        "player_id":"582078"
    },
    {
        "Squad":"155",
        "Apperance":"63",
        "PPG":"0.98",
        "Goals":"-",
        "Own_goal":"-",
        "Substitutions_on":"1",
        "Substitutions_off":"-",
        "Yellow_card":"2",
        "Second_yellow_card":"-",
        "Red_card":"-",
        "Goals_conceded":"100",
        "Clean_sheets":"18",
        "Minutes_played":"5.684'",
        "player_id":"456111"
    },
    {
        "Squad":"364",
        "Apperance":"177",
        "PPG":"1.50",
        "Goals":"-",
        "Own_goal":"-",
        "Substitutions_on":"1",
        "Substitutions_off":"1",
        "Yellow_card":"14",
        "Second_yellow_card":"-",
        "Red_card":"-",
        "Goals_conceded":"191",
        "Clean_sheets":"60",
        "Minutes_played":"16.031'",
        "player_id":"285033"
    },
    {
        "Squad":"792",
        "Apperance":"401",
        "PPG":"1.53",
        "Goals":"-",
        "Own_goal":"1",
        "Substitutions_on":"6",
        "Substitutions_off":"4",
        "Yellow_card":"17",
        "Second_yellow_card":"1",
        "Red_card":"4",
        "Goals_conceded":"465",
        "Clean_sheets":"137",
        "Minutes_played":"35.480'",
        "player_id":"19948"
    },
    {
        "Squad":"677",
        "Apperance":"511",
        "PPG":"1.96",
        "Goals":"-",
        "Own_goal":"-",
        "Substitutions_on":"1",
        "Substitutions_off":"9",
        "Yellow_card":"20",
        "Second_yellow_card":"-",
        "Red_card":"2",
        "Goals_conceded":"528",
        "Clean_sheets":"194",
        "Minutes_played":"45.640'",
        "player_id":"44058"
    },
    {
        "Squad":"282",
        "Apperance":"191",
        "PPG":"1.54",
        "Goals":"-",
        "Own_goal":"-",
        "Substitutions_on":"-",
        "Substitutions_off":"-",
        "Yellow_card":"9",
        "Second_yellow_card":"-",
        "Red_card":"-",
        "Goals_conceded":"254",
        "Clean_sheets":"51",
        "Minutes_played":"17.280'",
        "player_id":"221624"
    },
    {
        "Squad":"98",
        "Apperance":"77",
        "PPG":"1.52",
        "Goals":"-",
        "Own_goal":"-",
        "Substitutions_on":"-",
        "Substitutions_off":"1",
        "Yellow_card":"3",
        "Second_yellow_card":"-",
        "Red_card":"-",
        "Goals_conceded":"137",
        "Clean_sheets":"16",
        "Minutes_played":"6.885'",
        "player_id":"605757"
    }
]